Year,LocationName,DataSource,Category,Measure,Data_Value_Unit,Data_Value_Type,Data_Value,Data_Value_Footnote_Symbol,Data_Value_Footnote,Low_Confidence_Limit,High_Confidence_Limit,TotalPopulation,Geolocation,LocationID,CategoryID,MeasureId,DataValueTypeID,Short_Question_Text
2020,10001,BRFSS,Health Risk Behaviors,Sleeping less than 7 hours among adults aged >=18 years,%,Crude prevalence,30.2,,,29.6,30.7,21102,POINT (-73.9963485 40.74834109),10001,RISKBEH,SLEEP,CrdPrv,Sleep <7 hours
2020,10002,BRFSS,Health Risk Behaviors,Sleeping less than 7 hours among adults aged >=18 years,%,Crude prevalence,35.7,,,35.3,36.0,81410,POINT (-73.98624471 40.71580125),10002,RISKBEH,SLEEP,CrdPrv,Sleep <7 hours
2020,10003,BRFSS,Health Risk Behaviors,Sleeping less than 7 hours among adults aged >=18 years,%,Crude prevalence,29.1,,,28.6,29.7,56024,POINT (-73.98918087 40.73182933),10003,RISKBEH,SLEEP,CrdPrv,Sleep <7 hours
2020,10004,BRFSS,Health Risk Behaviors,Sleeping less than 7 hours among adults aged >=18 years,%,Crude prevalence,28.9,,,28.2,29.7,3089,POINT (-74.01913769 40.68877543),10004,RISKBEH,SLEEP,CrdPrv,Sleep <7 hours
2020,10005,BRFSS,Health Risk Behaviors,Sleeping less than 7 hours among adults aged >=18 years,%,Crude prevalence,29.0,,,27.7,30.5,7135,POINT (-74.00877004 40.7059772),10005,RISKBEH,SLEEP,CrdPrv,Sleep <7 hours
2020,10006,BRFSS,Health Risk Behaviors,Sleeping less than 7 hours among adults aged >=18 years,%,Crude prevalence,28.4,,,27.2,29.9,3011,POINT (-74.01295372 40.70961448),10006,RISKBEH,SLEEP,CrdPrv,Sleep <7 hours
2020,10007,BRFSS,Health Risk Behaviors,Sleeping less than 7 hours among adults aged >=18 years,%,Crude prevalence,30.8,,,29.9,31.9,6988,POINT (-74.0071045 40.71385547),10007,RISKBEH,SLEEP,CrdPrv,Sleep <7 hours
2020,10009,BRFSS,Health Risk Behaviors,Sleeping less than 7 hours among adults aged >=18 years,%,Crude prevalence,31.8,,,31.4,32.4,61347,POINT (-73.97872501 40.72641169),10009,RISKBEH,SLEEP,CrdPrv,Sleep <7 hours
2020,10010,BRFSS,Health Risk Behaviors,Sleeping less than 7 hours among adults aged >=18 years,%,Crude prevalence,29.0,,,28.5,29.5,31834,POINT (-73.98252602 40.73912332),10010,RISKBEH,SLEEP,CrdPrv,Sleep <7 hours
2020,10011,BRFSS,Health Risk Behaviors,Sleeping less than 7 hours among adults aged >=18 years,%,Crude prevalence,29.1,,,28.7,29.5,50984,POINT (-74.00036133 40.74179596),10011,RISKBEH,SLEEP,CrdPrv,Sleep <7 hours
2020,10012,BRFSS,Health Risk Behaviors,Sleeping less than 7 hours among adults aged >=18 years,%,Crude prevalence,29.4,,,28.8,29.9,24090,POINT (-73.99807845 40.7255807),10012,RISKBEH,SLEEP,CrdPrv,Sleep <7 hours
2020,10013,BRFSS,Health Risk Behaviors,Sleeping less than 7 hours among adults aged >=18 years,%,Crude prevalence,31.4,,,30.8,32.0,27700,POINT (-74.00481595 40.72009702),10013,RISKBEH,SLEEP,CrdPrv,Sleep <7 hours
2020,10014,BRFSS,Health Risk Behaviors,Sleeping less than 7 hours among adults aged >=18 years,%,Crude prevalence,28.1,,,27.6,28.6,31959,POINT (-74.00674779 40.73377169),10014,RISKBEH,SLEEP,CrdPrv,Sleep <7 hours
2020,10016,BRFSS,Health Risk Behaviors,Sleeping less than 7 hours among adults aged >=18 years,%,Crude prevalence,28.5,,,28.0,28.9,54183,POINT (-73.97834243 40.74522079),10016,RISKBEH,SLEEP,CrdPrv,Sleep <7 hours
2020,10017,BRFSS,Health Risk Behaviors,Sleeping less than 7 hours among adults aged >=18 years,%,Crude prevalence,28.2,,,27.6,28.9,16575,POINT (-73.96865875 40.75115842),10017,RISKBEH,SLEEP,CrdPrv,Sleep <7 hours
2020,10018,BRFSS,Health Risk Behaviors,Sleeping less than 7 hours among adults aged >=18 years,%,Crude prevalence,30.9,,,30.2,31.7,5229,POINT (-73.99273 40.75522024),10018,RISKBEH,SLEEP,CrdPrv,Sleep <7 hours
2020,10019,BRFSS,Health Risk Behaviors,Sleeping less than 7 hours among adults aged >=18 years,%,Crude prevalence,29.8,,,29.3,30.2,42870,POINT (-73.98684621 40.76573633),10019,RISKBEH,SLEEP,CrdPrv,Sleep <7 hours
2020,10021,BRFSS,Health Risk Behaviors,Sleeping less than 7 hours among adults aged >=18 years,%,Crude prevalence,27.4,,,26.9,28.0,43631,POINT (-73.95877104 40.76947562),10021,RISKBEH,SLEEP,CrdPrv,Sleep <7 hours
2020,10022,BRFSS,Health Risk Behaviors,Sleeping less than 7 hours among adults aged >=18 years,%,Crude prevalence,26.8,,,26.3,27.4,31924,POINT (-73.96798317 40.75861105),10022,RISKBEH,SLEEP,CrdPrv,Sleep <7 hours
2020,10023,BRFSS,Health Risk Behaviors,Sleeping less than 7 hours among adults aged >=18 years,%,Crude prevalence,28.0,,,27.7,28.5,60998,POINT (-73.98260652 40.77592132),10023,RISKBEH,SLEEP,CrdPrv,Sleep <7 hours
2020,10024,BRFSS,Health Risk Behaviors,Sleeping less than 7 hours among adults aged >=18 years,%,Crude prevalence,28.1,,,27.7,28.5,59283,POINT (-73.9744135 40.78527387),10024,RISKBEH,SLEEP,CrdPrv,Sleep <7 hours
2020,10025,BRFSS,Health Risk Behaviors,Sleeping less than 7 hours among adults aged >=18 years,%,Crude prevalence,30.5,,,30.2,30.9,94600,POINT (-73.96662227 40.79860116),10025,RISKBEH,SLEEP,CrdPrv,Sleep <7 hours
2020,10026,BRFSS,Health Risk Behaviors,Sleeping less than 7 hours among adults aged >=18 years,%,Crude prevalence,38.4,,,37.9,39.0,34003,POINT (-73.95252338 40.80233633),10026,RISKBEH,SLEEP,CrdPrv,Sleep <7 hours
2020,10027,BRFSS,Health Risk Behaviors,Sleeping less than 7 hours among adults aged >=18 years,%,Crude prevalence,36.2,,,35.8,36.6,59707,POINT (-73.95319776 40.81179561),10027,RISKBEH,SLEEP,CrdPrv,Sleep <7 hours
2020,10028,BRFSS,Health Risk Behaviors,Sleeping less than 7 hours among adults aged >=18 years,%,Crude prevalence,27.4,,,26.9,27.9,45141,POINT (-73.95351179 40.77644074),10028,RISKBEH,SLEEP,CrdPrv,Sleep <7 hours
2020,10029,BRFSS,Health Risk Behaviors,Sleeping less than 7 hours among adults aged >=18 years,%,Crude prevalence,36.5,,,36.1,36.8,76003,POINT (-73.9439743 40.79176875),10029,RISKBEH,SLEEP,CrdPrv,Sleep <7 hours
2020,10030,BRFSS,Health Risk Behaviors,Sleeping less than 7 hours among adults aged >=18 years,%,Crude prevalence,40.9,,,40.1,41.5,26999,POINT (-73.94285633 40.81826662),10030,RISKBEH,SLEEP,CrdPrv,Sleep <7 hours
2020,10031,BRFSS,Health Risk Behaviors,Sleeping less than 7 hours among adults aged >=18 years,%,Crude prevalence,35.9,,,35.5,36.4,56438,POINT (-73.95002428 40.82527946),10031,RISKBEH,SLEEP,CrdPrv,Sleep <7 hours
2020,10032,BRFSS,Health Risk Behaviors,Sleeping less than 7 hours among adults aged >=18 years,%,Crude prevalence,34.5,,,33.9,35.0,57331,POINT (-73.94281412 40.83879758),10032,RISKBEH,SLEEP,CrdPrv,Sleep <7 hours
2020,10033,BRFSS,Health Risk Behaviors,Sleeping less than 7 hours among adults aged >=18 years,%,Crude prevalence,32.3,,,31.8,32.9,53926,POINT (-73.93398733 40.85053549),10033,RISKBEH,SLEEP,CrdPrv,Sleep <7 hours
2020,10034,BRFSS,Health Risk Behaviors,Sleeping less than 7 hours among adults aged >=18 years,%,Crude prevalence,33.8,,,33.2,34.5,38908,POINT (-73.91971081 40.86631612),10034,RISKBEH,SLEEP,CrdPrv,Sleep <7 hours
2020,10035,BRFSS,Health Risk Behaviors,Sleeping less than 7 hours among adults aged >=18 years,%,Crude prevalence,39.5,,,39.1,40.0,33969,POINT (-73.91965287 40.79355376),10035,RISKBEH,SLEEP,CrdPrv,Sleep <7 hours
2020,10036,BRFSS,Health Risk Behaviors,Sleeping less than 7 hours among adults aged >=18 years,%,Crude prevalence,30.9,,,30.3,31.5,24711,POINT (-73.98990979 40.75928041),10036,RISKBEH,SLEEP,CrdPrv,Sleep <7 hours
2020,10037,BRFSS,Health Risk Behaviors,Sleeping less than 7 hours among adults aged >=18 years,%,Crude prevalence,40.0,,,39.2,40.8,17416,POINT (-73.93740426 40.81293074),10037,RISKBEH,SLEEP,CrdPrv,Sleep <7 hours
2020,10038,BRFSS,Health Risk Behaviors,Sleeping less than 7 hours among adults aged >=18 years,%,Crude prevalence,31.2,,,30.6,32.0,20300,POINT (-74.00241874 40.70955736),10038,RISKBEH,SLEEP,CrdPrv,Sleep <7 hours
2020,10039,BRFSS,Health Risk Behaviors,Sleeping less than 7 hours among adults aged >=18 years,%,Crude prevalence,41.1,,,40.5,41.8,24527,POINT (-73.93998421 40.82463664),10039,RISKBEH,SLEEP,CrdPrv,Sleep <7 hours
2020,10040,BRFSS,Health Risk Behaviors,Sleeping less than 7 hours among adults aged >=18 years,%,Crude prevalence,33.0,,,32.4,33.6,41905,POINT (-73.931666 40.85638947),10040,RISKBEH,SLEEP,CrdPrv,Sleep <7 hours
2020,10044,BRFSS,Health Risk Behaviors,Sleeping less than 7 hours among adults aged >=18 years,%,Crude prevalence,31.3,,,30.5,32.1,11661,POINT (-73.94992413 40.76192293),10044,RISKBEH,SLEEP,CrdPrv,Sleep <7 hours
2020,10065,BRFSS,Health Risk Behaviors,Sleeping less than 7 hours among adults aged >=18 years,%,Crude prevalence,27.1,,,26.6,27.7,32270,POINT (-73.96312265 40.76461045),10065,RISKBEH,SLEEP,CrdPrv,Sleep <7 hours
2020,10069,BRFSS,Health Risk Behaviors,Sleeping less than 7 hours among adults aged >=18 years,%,Crude prevalence,30.5,,,29.8,31.3,5199,POINT (-73.99033522 40.77582936),10069,RISKBEH,SLEEP,CrdPrv,Sleep <7 hours
2020,10075,BRFSS,Health Risk Behaviors,Sleeping less than 7 hours among adults aged >=18 years,%,Crude prevalence,27.4,,,26.8,28.0,26121,POINT (-73.95621955 40.77336111),10075,RISKBEH,SLEEP,CrdPrv,Sleep <7 hours
2020,10119,BRFSS,Health Risk Behaviors,Sleeping less than 7 hours among adults aged >=18 years,%,Crude prevalence,36.0,,,34.4,37.9,92,POINT (-73.9929788 40.7503098),10119,RISKBEH,SLEEP,CrdPrv,Sleep <7 hours
2020,10128,BRFSS,Health Risk Behaviors,Sleeping less than 7 hours among adults aged >=18 years,%,Crude prevalence,28.3,,,27.9,28.8,60453,POINT (-73.95024987 40.78147659),10128,RISKBEH,SLEEP,CrdPrv,Sleep <7 hours
2020,10162,BRFSS,Health Risk Behaviors,Sleeping less than 7 hours among adults aged >=18 years,%,Crude prevalence,27.9,,,26.6,29.3,1685,POINT (-73.949167 40.76920025),10162,RISKBEH,SLEEP,CrdPrv,Sleep <7 hours
2020,10280,BRFSS,Health Risk Behaviors,Sleeping less than 7 hours among adults aged >=18 years,%,Crude prevalence,29.1,,,28.4,29.9,7853,POINT (-74.01655232 40.70920366),10280,RISKBEH,SLEEP,CrdPrv,Sleep <7 hours
2020,10282,BRFSS,Health Risk Behaviors,Sleeping less than 7 hours among adults aged >=18 years,%,Crude prevalence,29.3,,,28.0,31.0,4783,POINT (-74.0150889 40.71635395),10282,RISKBEH,SLEEP,CrdPrv,Sleep <7 hours
2020,10301,BRFSS,Health Risk Behaviors,Sleeping less than 7 hours among adults aged >=18 years,%,Crude prevalence,38.9,,,38.5,39.3,39706,POINT (-74.09602819 40.62837889),10301,RISKBEH,SLEEP,CrdPrv,Sleep <7 hours
2020,10302,BRFSS,Health Risk Behaviors,Sleeping less than 7 hours among adults aged >=18 years,%,Crude prevalence,39.7,,,39.1,40.3,19088,POINT (-74.13781919 40.63057926),10302,RISKBEH,SLEEP,CrdPrv,Sleep <7 hours
2020,10303,BRFSS,Health Risk Behaviors,Sleeping less than 7 hours among adults aged >=18 years,%,Crude prevalence,42.6,,,42.2,43.1,26337,POINT (-74.16893709 40.63218862),10303,RISKBEH,SLEEP,CrdPrv,Sleep <7 hours
2020,10304,BRFSS,Health Risk Behaviors,Sleeping less than 7 hours among adults aged >=18 years,%,Crude prevalence,40.2,,,39.7,40.7,42193,POINT (-74.0831992 40.61922436),10304,RISKBEH,SLEEP,CrdPrv,Sleep <7 hours
2020,10305,BRFSS,Health Risk Behaviors,Sleeping less than 7 hours among adults aged >=18 years,%,Crude prevalence,37.3,,,36.9,37.8,41749,POINT (-74.07538094 40.59567816),10305,RISKBEH,SLEEP,CrdPrv,Sleep <7 hours
2020,10306,BRFSS,Health Risk Behaviors,Sleeping less than 7 hours among adults aged >=18 years,%,Crude prevalence,36.2,,,35.7,36.6,55909,POINT (-74.12553009 40.5716155),10306,RISKBEH,SLEEP,CrdPrv,Sleep <7 hours
2020,10307,BRFSS,Health Risk Behaviors,Sleeping less than 7 hours among adults aged >=18 years,%,Crude prevalence,35.9,,,34.8,36.9,14096,POINT (-74.24221444 40.50774673),10307,RISKBEH,SLEEP,CrdPrv,Sleep <7 hours
2020,10308,BRFSS,Health Risk Behaviors,Sleeping less than 7 hours among adults aged >=18 years,%,Crude prevalence,35.0,,,34.4,35.6,27357,POINT (-74.15042589 40.55155168),10308,RISKBEH,SLEEP,CrdPrv,Sleep <7 hours
2020,10309,BRFSS,Health Risk Behaviors,Sleeping less than 7 hours among adults aged >=18 years,%,Crude prevalence,36.2,,,35.4,36.9,32519,POINT (-74.22053395 40.53129878),10309,RISKBEH,SLEEP,CrdPrv,Sleep <7 hours
2020,10310,BRFSS,Health Risk Behaviors,Sleeping less than 7 hours among adults aged >=18 years,%,Crude prevalence,39.3,,,38.8,39.8,24962,POINT (-74.11617323 40.63247475),10310,RISKBEH,SLEEP,CrdPrv,Sleep <7 hours
2020,10312,BRFSS,Health Risk Behaviors,Sleeping less than 7 hours among adults aged >=18 years,%,Crude prevalence,35.6,,,35.2,36.1,59304,POINT (-74.18165271 40.54508709),10312,RISKBEH,SLEEP,CrdPrv,Sleep <7 hours
2020,10314,BRFSS,Health Risk Behaviors,Sleeping less than 7 hours among adults aged >=18 years,%,Crude prevalence,36.5,,,36.1,36.8,85510,POINT (-74.16289524 40.6014868),10314,RISKBEH,SLEEP,CrdPrv,Sleep <7 hours
2020,10451,BRFSS,Health Risk Behaviors,Sleeping less than 7 hours among adults aged >=18 years,%,Crude prevalence,37.5,,,37.1,37.9,45713,POINT (-73.92367026 40.82077319),10451,RISKBEH,SLEEP,CrdPrv,Sleep <7 hours
2020,10452,BRFSS,Health Risk Behaviors,Sleeping less than 7 hours among adults aged >=18 years,%,Crude prevalence,38.1,,,37.7,38.4,75371,POINT (-73.92341262 40.8373758),10452,RISKBEH,SLEEP,CrdPrv,Sleep <7 hours
2020,10453,BRFSS,Health Risk Behaviors,Sleeping less than 7 hours among adults aged >=18 years,%,Crude prevalence,38.7,,,38.4,39.0,78309,POINT (-73.91351023 40.85228797),10453,RISKBEH,SLEEP,CrdPrv,Sleep <7 hours
2020,10454,BRFSS,Health Risk Behaviors,Sleeping less than 7 hours among adults aged >=18 years,%,Crude prevalence,37.9,,,37.5,38.4,37337,POINT (-73.91656074 40.80556451),10454,RISKBEH,SLEEP,CrdPrv,Sleep <7 hours
2020,10455,BRFSS,Health Risk Behaviors,Sleeping less than 7 hours among adults aged >=18 years,%,Crude prevalence,37.4,,,36.9,37.8,39665,POINT (-73.90859181 40.81470999),10455,RISKBEH,SLEEP,CrdPrv,Sleep <7 hours
2020,10456,BRFSS,Health Risk Behaviors,Sleeping less than 7 hours among adults aged >=18 years,%,Crude prevalence,39.6,,,39.4,39.9,86547,POINT (-73.9081201 40.82988089),10456,RISKBEH,SLEEP,CrdPrv,Sleep <7 hours
2020,10457,BRFSS,Health Risk Behaviors,Sleeping less than 7 hours among adults aged >=18 years,%,Crude prevalence,38.5,,,38.2,38.7,70496,POINT (-73.8984785 40.84861377),10457,RISKBEH,SLEEP,CrdPrv,Sleep <7 hours
2020,10458,BRFSS,Health Risk Behaviors,Sleeping less than 7 hours among adults aged >=18 years,%,Crude prevalence,36.8,,,36.5,37.2,79492,POINT (-73.8881452 40.86254568),10458,RISKBEH,SLEEP,CrdPrv,Sleep <7 hours
2020,10459,BRFSS,Health Risk Behaviors,Sleeping less than 7 hours among adults aged >=18 years,%,Crude prevalence,37.5,,,37.2,37.9,47308,POINT (-73.89297793 40.82587684),10459,RISKBEH,SLEEP,CrdPrv,Sleep <7 hours
2020,10460,BRFSS,Health Risk Behaviors,Sleeping less than 7 hours among adults aged >=18 years,%,Crude prevalence,37.9,,,37.5,38.2,57311,POINT (-73.8799545 40.84565734),10460,RISKBEH,SLEEP,CrdPrv,Sleep <7 hours
2020,10461,BRFSS,Health Risk Behaviors,Sleeping less than 7 hours among adults aged >=18 years,%,Crude prevalence,32.2,,,31.8,32.5,50502,POINT (-73.84055516 40.8474615),10461,RISKBEH,SLEEP,CrdPrv,Sleep <7 hours
2020,10462,BRFSS,Health Risk Behaviors,Sleeping less than 7 hours among adults aged >=18 years,%,Crude prevalence,35.4,,,35.1,35.7,75784,POINT (-73.85875045 40.84284255),10462,RISKBEH,SLEEP,CrdPrv,Sleep <7 hours
2020,10463,BRFSS,Health Risk Behaviors,Sleeping less than 7 hours among adults aged >=18 years,%,Crude prevalence,31.5,,,31.2,31.8,67970,POINT (-73.90646983 40.8808359),10463,RISKBEH,SLEEP,CrdPrv,Sleep <7 hours
2020,10464,BRFSS,Health Risk Behaviors,Sleeping less than 7 hours among adults aged >=18 years,%,Crude prevalence,29.1,,,27.5,30.4,4534,POINT (-73.8123037 40.87583708),10464,RISKBEH,SLEEP,CrdPrv,Sleep <7 hours
2020,10465,BRFSS,Health Risk Behaviors,Sleeping less than 7 hours among adults aged >=18 years,%,Crude prevalence,31.5,,,31.1,31.9,42230,POINT (-73.82308723 40.82390731),10465,RISKBEH,SLEEP,CrdPrv,Sleep <7 hours
2020,10466,BRFSS,Health Risk Behaviors,Sleeping less than 7 hours among adults aged >=18 years,%,Crude prevalence,39.6,,,39.3,39.9,67813,POINT (-73.84590555 40.89093039),10466,RISKBEH,SLEEP,CrdPrv,Sleep <7 hours
2020,10467,BRFSS,Health Risk Behaviors,Sleeping less than 7 hours among adults aged >=18 years,%,Crude prevalence,37.1,,,36.8,37.3,97060,POINT (-73.86569575 40.87460397),10467,RISKBEH,SLEEP,CrdPrv,Sleep <7 hours
2020,10468,BRFSS,Health Risk Behaviors,Sleeping less than 7 hours among adults aged >=18 years,%,Crude prevalence,36.4,,,36.1,36.7,76103,POINT (-73.89989809 40.86814443),10468,RISKBEH,SLEEP,CrdPrv,Sleep <7 hours
2020,10469,BRFSS,Health Risk Behaviors,Sleeping less than 7 hours among adults aged >=18 years,%,Crude prevalence,37.2,,,36.9,37.6,66631,POINT (-73.84701021 40.86878215),10469,RISKBEH,SLEEP,CrdPrv,Sleep <7 hours
2020,10470,BRFSS,Health Risk Behaviors,Sleeping less than 7 hours among adults aged >=18 years,%,Crude prevalence,34.6,,,34.0,35.2,15293,POINT (-73.86816731 40.89592029),10470,RISKBEH,SLEEP,CrdPrv,Sleep <7 hours
2020,10471,BRFSS,Health Risk Behaviors,Sleeping less than 7 hours among adults aged >=18 years,%,Crude prevalence,28.3,,,27.7,28.8,22922,POINT (-73.90150665 40.89937614),10471,RISKBEH,SLEEP,CrdPrv,Sleep <7 hours
2020,10472,BRFSS,Health Risk Behaviors,Sleeping less than 7 hours among adults aged >=18 years,%,Crude prevalence,37.3,,,37.0,37.6,66358,POINT (-73.86934827 40.82956001),10472,RISKBEH,SLEEP,CrdPrv,Sleep <7 hours
2020,10473,BRFSS,Health Risk Behaviors,Sleeping less than 7 hours among adults aged >=18 years,%,Crude prevalence,36.8,,,36.4,37.2,58519,POINT (-73.8619945 40.81825942),10473,RISKBEH,SLEEP,CrdPrv,Sleep <7 hours
2020,10474,BRFSS,Health Risk Behaviors,Sleeping less than 7 hours among adults aged >=18 years,%,Crude prevalence,38.3,,,37.4,39.2,12281,POINT (-73.88451982 40.81072986),10474,RISKBEH,SLEEP,CrdPrv,Sleep <7 hours
2020,10475,BRFSS,Health Risk Behaviors,Sleeping less than 7 hours among adults aged >=18 years,%,Crude prevalence,36.4,,,35.5,37.3,40931,POINT (-73.82606785 40.86852583),10475,RISKBEH,SLEEP,CrdPrv,Sleep <7 hours
2020,10501,BRFSS,Health Risk Behaviors,Sleeping less than 7 hours among adults aged >=18 years,%,Crude prevalence,29.7,,,27.9,31.4,1219,POINT (-73.76399 41.29440621),10501,RISKBEH,SLEEP,CrdPrv,Sleep <7 hours
2020,10502,BRFSS,Health Risk Behaviors,Sleeping less than 7 hours among adults aged >=18 years,%,Crude prevalence,28.3,,,27.2,29.6,5487,POINT (-73.84142933 41.01163574),10502,RISKBEH,SLEEP,CrdPrv,Sleep <7 hours
2020,10503,BRFSS,Health Risk Behaviors,Sleeping less than 7 hours among adults aged >=18 years,%,Crude prevalence,24.9,,,23.1,26.9,108,POINT (-73.87530951 41.0265555),10503,RISKBEH,SLEEP,CrdPrv,Sleep <7 hours
2020,10504,BRFSS,Health Risk Behaviors,Sleeping less than 7 hours among adults aged >=18 years,%,Crude prevalence,27.8,,,26.8,28.8,7987,POINT (-73.6993295 41.14055826),10504,RISKBEH,SLEEP,CrdPrv,Sleep <7 hours
2020,10505,BRFSS,Health Risk Behaviors,Sleeping less than 7 hours among adults aged >=18 years,%,Crude prevalence,31.9,,,30.1,33.8,851,POINT (-73.745449 41.34208938),10505,RISKBEH,SLEEP,CrdPrv,Sleep <7 hours
2020,10506,BRFSS,Health Risk Behaviors,Sleeping less than 7 hours among adults aged >=18 years,%,Crude prevalence,28.3,,,27.4,29.3,5790,POINT (-73.63396174 41.18876453),10506,RISKBEH,SLEEP,CrdPrv,Sleep <7 hours
2020,10507,BRFSS,Health Risk Behaviors,Sleeping less than 7 hours among adults aged >=18 years,%,Crude prevalence,33.2,,,32.3,34.0,6408,POINT (-73.68631736 41.22841138),10507,RISKBEH,SLEEP,CrdPrv,Sleep <7 hours
2020,10509,BRFSS,Health Risk Behaviors,Sleeping less than 7 hours among adults aged >=18 years,%,Crude prevalence,32.6,,,31.9,33.4,19507,POINT (-73.59434311 41.4117073),10509,RISKBEH,SLEEP,CrdPrv,Sleep <7 hours
2020,10510,BRFSS,Health Risk Behaviors,Sleeping less than 7 hours among adults aged >=18 years,%,Crude prevalence,28.3,,,27.5,29.2,9988,POINT (-73.83449054 41.14097579),10510,RISKBEH,SLEEP,CrdPrv,Sleep <7 hours
2020,10511,BRFSS,Health Risk Behaviors,Sleeping less than 7 hours among adults aged >=18 years,%,Crude prevalence,31.8,,,30.3,33.2,2246,POINT (-73.94448053 41.2628136),10511,RISKBEH,SLEEP,CrdPrv,Sleep <7 hours
2020,10512,BRFSS,Health Risk Behaviors,Sleeping less than 7 hours among adults aged >=18 years,%,Crude prevalence,32.7,,,31.9,33.4,25590,POINT (-73.71210129 41.44920357),10512,RISKBEH,SLEEP,CrdPrv,Sleep <7 hours
2020,10514,BRFSS,Health Risk Behaviors,Sleeping less than 7 hours among adults aged >=18 years,%,Crude prevalence,28.5,,,27.7,29.3,11946,POINT (-73.77086656 41.1730252),10514,RISKBEH,SLEEP,CrdPrv,Sleep <7 hours
2020,10516,BRFSS,Health Risk Behaviors,Sleeping less than 7 hours among adults aged >=18 years,%,Crude prevalence,30.9,,,29.6,32.2,5289,POINT (-73.9066155 41.4588149),10516,RISKBEH,SLEEP,CrdPrv,Sleep <7 hours
2020,10517,BRFSS,Health Risk Behaviors,Sleeping less than 7 hours among adults aged >=18 years,%,Crude prevalence,32.4,,,30.9,33.9,539,POINT (-73.86167505 41.29821689),10517,RISKBEH,SLEEP,CrdPrv,Sleep <7 hours
2020,10518,BRFSS,Health Risk Behaviors,Sleeping less than 7 hours among adults aged >=18 years,%,Crude prevalence,29.3,,,27.7,31.2,1268,POINT (-73.60068109 41.26773265),10518,RISKBEH,SLEEP,CrdPrv,Sleep <7 hours
2020,10519,BRFSS,Health Risk Behaviors,Sleeping less than 7 hours among adults aged >=18 years,%,Crude prevalence,30.5,,,28.9,32.2,316,POINT (-73.6539425 41.35265059),10519,RISKBEH,SLEEP,CrdPrv,Sleep <7 hours
2020,10520,BRFSS,Health Risk Behaviors,Sleeping less than 7 hours among adults aged >=18 years,%,Crude prevalence,29.8,,,29.0,30.6,12810,POINT (-73.87157692 41.22078979),10520,RISKBEH,SLEEP,CrdPrv,Sleep <7 hours
2020,10522,BRFSS,Health Risk Behaviors,Sleeping less than 7 hours among adults aged >=18 years,%,Crude prevalence,29.5,,,28.4,30.6,10875,POINT (-73.86473494 41.01229792),10522,RISKBEH,SLEEP,CrdPrv,Sleep <7 hours
2020,10523,BRFSS,Health Risk Behaviors,Sleeping less than 7 hours among adults aged >=18 years,%,Crude prevalence,34.3,,,33.6,35.0,7444,POINT (-73.81890722 41.06004234),10523,RISKBEH,SLEEP,CrdPrv,Sleep <7 hours
2020,10524,BRFSS,Health Risk Behaviors,Sleeping less than 7 hours among adults aged >=18 years,%,Crude prevalence,31.8,,,30.3,33.2,4421,POINT (-73.92194746 41.37063989),10524,RISKBEH,SLEEP,CrdPrv,Sleep <7 hours
2020,10526,BRFSS,Health Risk Behaviors,Sleeping less than 7 hours among adults aged >=18 years,%,Crude prevalence,30.0,,,28.9,31.3,1809,POINT (-73.66790073 41.29105132),10526,RISKBEH,SLEEP,CrdPrv,Sleep <7 hours
2020,10527,BRFSS,Health Risk Behaviors,Sleeping less than 7 hours among adults aged >=18 years,%,Crude prevalence,30.0,,,28.2,32.0,908,POINT (-73.76447503 41.31917436),10527,RISKBEH,SLEEP,CrdPrv,Sleep <7 hours
2020,10528,BRFSS,Health Risk Behaviors,Sleeping less than 7 hours among adults aged >=18 years,%,Crude prevalence,30.2,,,29.3,31.0,12280,POINT (-73.72294377 40.97835518),10528,RISKBEH,SLEEP,CrdPrv,Sleep <7 hours
2020,10530,BRFSS,Health Risk Behaviors,Sleeping less than 7 hours among adults aged >=18 years,%,Crude prevalence,28.9,,,28.3,29.4,12604,POINT (-73.80775713 41.02342378),10530,RISKBEH,SLEEP,CrdPrv,Sleep <7 hours
2020,10532,BRFSS,Health Risk Behaviors,Sleeping less than 7 hours among adults aged >=18 years,%,Crude prevalence,30.4,,,29.0,31.7,4931,POINT (-73.79518025 41.10520377),10532,RISKBEH,SLEEP,CrdPrv,Sleep <7 hours
2020,10533,BRFSS,Health Risk Behaviors,Sleeping less than 7 hours among adults aged >=18 years,%,Crude prevalence,28.9,,,27.6,30.3,7322,POINT (-73.85554196 41.03630226),10533,RISKBEH,SLEEP,CrdPrv,Sleep <7 hours
2020,10535,BRFSS,Health Risk Behaviors,Sleeping less than 7 hours among adults aged >=18 years,%,Crude prevalence,30.3,,,28.9,31.8,555,POINT (-73.79919494 41.33499233),10535,RISKBEH,SLEEP,CrdPrv,Sleep <7 hours
2020,10536,BRFSS,Health Risk Behaviors,Sleeping less than 7 hours among adults aged >=18 years,%,Crude prevalence,29.2,,,28.3,30.1,10739,POINT (-73.65569853 41.26140156),10536,RISKBEH,SLEEP,CrdPrv,Sleep <7 hours
2020,10537,BRFSS,Health Risk Behaviors,Sleeping less than 7 hours among adults aged >=18 years,%,Crude prevalence,33.2,,,31.5,34.7,2416,POINT (-73.88513726 41.33786879),10537,RISKBEH,SLEEP,CrdPrv,Sleep <7 hours
2020,10538,BRFSS,Health Risk Behaviors,Sleeping less than 7 hours among adults aged >=18 years,%,Crude prevalence,27.9,,,27.1,28.7,16597,POINT (-73.75679085 40.93789084),10538,RISKBEH,SLEEP,CrdPrv,Sleep <7 hours
2020,10541,BRFSS,Health Risk Behaviors,Sleeping less than 7 hours among adults aged >=18 years,%,Crude prevalence,32.4,,,31.7,33.1,26339,POINT (-73.75121233 41.37972227),10541,RISKBEH,SLEEP,CrdPrv,Sleep <7 hours
2020,10543,BRFSS,Health Risk Behaviors,Sleeping less than 7 hours among adults aged >=18 years,%,Crude prevalence,30.4,,,29.8,31.1,20135,POINT (-73.73601068 40.9524321),10543,RISKBEH,SLEEP,CrdPrv,Sleep <7 hours
2020,10545,BRFSS,Health Risk Behaviors,Sleeping less than 7 hours among adults aged >=18 years,%,Crude prevalence,22.2,,,19.2,26.0,141,POINT (-73.83544966 41.17859122),10545,RISKBEH,SLEEP,CrdPrv,Sleep <7 hours
2020,10546,BRFSS,Health Risk Behaviors,Sleeping less than 7 hours among adults aged >=18 years,%,Crude prevalence,28.9,,,27.4,30.5,1277,POINT (-73.8008145 41.19255703),10546,RISKBEH,SLEEP,CrdPrv,Sleep <7 hours
2020,10547,BRFSS,Health Risk Behaviors,Sleeping less than 7 hours among adults aged >=18 years,%,Crude prevalence,31.6,,,30.5,32.8,7647,POINT (-73.84616778 41.31165017),10547,RISKBEH,SLEEP,CrdPrv,Sleep <7 hours
2020,10548,BRFSS,Health Risk Behaviors,Sleeping less than 7 hours among adults aged >=18 years,%,Crude prevalence,30.3,,,28.9,31.5,3487,POINT (-73.9357375 41.2439149),10548,RISKBEH,SLEEP,CrdPrv,Sleep <7 hours
2020,10549,BRFSS,Health Risk Behaviors,Sleeping less than 7 hours among adults aged >=18 years,%,Crude prevalence,30.7,,,30.0,31.4,16638,POINT (-73.7209446 41.20063429),10549,RISKBEH,SLEEP,CrdPrv,Sleep <7 hours
2020,10550,BRFSS,Health Risk Behaviors,Sleeping less than 7 hours among adults aged >=18 years,%,Crude prevalence,41.6,,,41.2,42.1,37144,POINT (-73.83515737 40.90635853),10550,RISKBEH,SLEEP,CrdPrv,Sleep <7 hours
2020,10552,BRFSS,Health Risk Behaviors,Sleeping less than 7 hours among adults aged >=18 years,%,Crude prevalence,34.7,,,34.2,35.2,19786,POINT (-73.82507239 40.92385656),10552,RISKBEH,SLEEP,CrdPrv,Sleep <7 hours
2020,10553,BRFSS,Health Risk Behaviors,Sleeping less than 7 hours among adults aged >=18 years,%,Crude prevalence,41.6,,,40.6,42.6,10170,POINT (-73.82170492 40.90854804),10553,RISKBEH,SLEEP,CrdPrv,Sleep <7 hours
2020,10560,BRFSS,Health Risk Behaviors,Sleeping less than 7 hours among adults aged >=18 years,%,Crude prevalence,29.1,,,27.6,30.5,4737,POINT (-73.60225885 41.33202991),10560,RISKBEH,SLEEP,CrdPrv,Sleep <7 hours
2020,10562,BRFSS,Health Risk Behaviors,Sleeping less than 7 hours among adults aged >=18 years,%,Crude prevalence,33.6,,,33.1,34.1,31796,POINT (-73.83095073 41.19235621),10562,RISKBEH,SLEEP,CrdPrv,Sleep <7 hours
2020,10566,BRFSS,Health Risk Behaviors,Sleeping less than 7 hours among adults aged >=18 years,%,Crude prevalence,35.6,,,35.0,36.1,23570,POINT (-73.91838324 41.28920448),10566,RISKBEH,SLEEP,CrdPrv,Sleep <7 hours
2020,10567,BRFSS,Health Risk Behaviors,Sleeping less than 7 hours among adults aged >=18 years,%,Crude prevalence,30.9,,,30.2,31.6,19929,POINT (-73.94473472 41.31241003),10567,RISKBEH,SLEEP,CrdPrv,Sleep <7 hours
2020,10570,BRFSS,Health Risk Behaviors,Sleeping less than 7 hours among adults aged >=18 years,%,Crude prevalence,29.1,,,28.0,30.1,12680,POINT (-73.7930045 41.12869409),10570,RISKBEH,SLEEP,CrdPrv,Sleep <7 hours
2020,10573,BRFSS,Health Risk Behaviors,Sleeping less than 7 hours among adults aged >=18 years,%,Crude prevalence,32.4,,,31.9,33.0,38352,POINT (-73.67733501 41.01696507),10573,RISKBEH,SLEEP,CrdPrv,Sleep <7 hours
2020,10576,BRFSS,Health Risk Behaviors,Sleeping less than 7 hours among adults aged >=18 years,%,Crude prevalence,27.9,,,26.6,29.3,5116,POINT (-73.567876 41.21643554),10576,RISKBEH,SLEEP,CrdPrv,Sleep <7 hours
2020,10577,BRFSS,Health Risk Behaviors,Sleeping less than 7 hours among adults aged >=18 years,%,Crude prevalence,28.9,,,27.6,30.3,6552,POINT (-73.71364803 41.0378958),10577,RISKBEH,SLEEP,CrdPrv,Sleep <7 hours
2020,10578,BRFSS,Health Risk Behaviors,Sleeping less than 7 hours among adults aged >=18 years,%,Crude prevalence,30.5,,,28.7,32.3,681,POINT (-73.67537827 41.31709709),10578,RISKBEH,SLEEP,CrdPrv,Sleep <7 hours
2020,10579,BRFSS,Health Risk Behaviors,Sleeping less than 7 hours among adults aged >=18 years,%,Crude prevalence,32.4,,,31.0,33.7,8675,POINT (-73.83611014 41.39378562),10579,RISKBEH,SLEEP,CrdPrv,Sleep <7 hours
2020,10580,BRFSS,Health Risk Behaviors,Sleeping less than 7 hours among adults aged >=18 years,%,Crude prevalence,28.2,,,27.4,29.0,17208,POINT (-73.69556789 40.97964966),10580,RISKBEH,SLEEP,CrdPrv,Sleep <7 hours
2020,10583,BRFSS,Health Risk Behaviors,Sleeping less than 7 hours among adults aged >=18 years,%,Crude prevalence,28.1,,,27.7,28.5,38982,POINT (-73.79313379 40.98925508),10583,RISKBEH,SLEEP,CrdPrv,Sleep <7 hours
2020,10588,BRFSS,Health Risk Behaviors,Sleeping less than 7 hours among adults aged >=18 years,%,Crude prevalence,30.6,,,29.3,32.0,2282,POINT (-73.8215725 41.33223752),10588,RISKBEH,SLEEP,CrdPrv,Sleep <7 hours
2020,10589,BRFSS,Health Risk Behaviors,Sleeping less than 7 hours among adults aged >=18 years,%,Crude prevalence,26.5,,,25.6,27.4,8475,POINT (-73.69494625 41.33060528),10589,RISKBEH,SLEEP,CrdPrv,Sleep <7 hours
2020,10590,BRFSS,Health Risk Behaviors,Sleeping less than 7 hours among adults aged >=18 years,%,Crude prevalence,29.1,,,27.8,30.4,6767,POINT (-73.53726816 41.25388343),10590,RISKBEH,SLEEP,CrdPrv,Sleep <7 hours
2020,10591,BRFSS,Health Risk Behaviors,Sleeping less than 7 hours among adults aged >=18 years,%,Crude prevalence,31.2,,,30.5,31.9,22540,POINT (-73.84416239 41.08587961),10591,RISKBEH,SLEEP,CrdPrv,Sleep <7 hours
2020,10594,BRFSS,Health Risk Behaviors,Sleeping less than 7 hours among adults aged >=18 years,%,Crude prevalence,29.4,,,28.3,30.6,5117,POINT (-73.77265548 41.11641241),10594,RISKBEH,SLEEP,CrdPrv,Sleep <7 hours
2020,10595,BRFSS,Health Risk Behaviors,Sleeping less than 7 hours among adults aged >=18 years,%,Crude prevalence,32.8,,,31.9,33.7,8195,POINT (-73.7836215 41.0783056),10595,RISKBEH,SLEEP,CrdPrv,Sleep <7 hours
2020,10596,BRFSS,Health Risk Behaviors,Sleeping less than 7 hours among adults aged >=18 years,%,Crude prevalence,31.6,,,30.0,33.1,1729,POINT (-73.95909294 41.25609484),10596,RISKBEH,SLEEP,CrdPrv,Sleep <7 hours
2020,10597,BRFSS,Health Risk Behaviors,Sleeping less than 7 hours among adults aged >=18 years,%,Crude prevalence,27.8,,,26.2,29.8,968,POINT (-73.59681265 41.29409253),10597,RISKBEH,SLEEP,CrdPrv,Sleep <7 hours
2020,10598,BRFSS,Health Risk Behaviors,Sleeping less than 7 hours among adults aged >=18 years,%,Crude prevalence,29.6,,,29.0,30.2,28647,POINT (-73.79330254 41.2819083),10598,RISKBEH,SLEEP,CrdPrv,Sleep <7 hours
2020,10601,BRFSS,Health Risk Behaviors,Sleeping less than 7 hours among adults aged >=18 years,%,Crude prevalence,33.8,,,33.2,34.5,11376,POINT (-73.76507127 41.03293179),10601,RISKBEH,SLEEP,CrdPrv,Sleep <7 hours
2020,10603,BRFSS,Health Risk Behaviors,Sleeping less than 7 hours among adults aged >=18 years,%,Crude prevalence,32.9,,,32.4,33.5,17045,POINT (-73.7772923 41.05294315),10603,RISKBEH,SLEEP,CrdPrv,Sleep <7 hours
2020,10604,BRFSS,Health Risk Behaviors,Sleeping less than 7 hours among adults aged >=18 years,%,Crude prevalence,32.1,,,31.3,32.9,11250,POINT (-73.74484915 41.05749037),10604,RISKBEH,SLEEP,CrdPrv,Sleep <7 hours
2020,10605,BRFSS,Health Risk Behaviors,Sleeping less than 7 hours among adults aged >=18 years,%,Crude prevalence,30.3,,,29.7,30.9,18126,POINT (-73.74610836 41.00925513),10605,RISKBEH,SLEEP,CrdPrv,Sleep <7 hours
2020,10606,BRFSS,Health Risk Behaviors,Sleeping less than 7 hours among adults aged >=18 years,%,Crude prevalence,34.0,,,33.3,34.6,16499,POINT (-73.77584702 41.02057356),10606,RISKBEH,SLEEP,CrdPrv,Sleep <7 hours
2020,10607,BRFSS,Health Risk Behaviors,Sleeping less than 7 hours among adults aged >=18 years,%,Crude prevalence,33.6,,,33.1,34.1,6824,POINT (-73.8087835 41.04151251),10607,RISKBEH,SLEEP,CrdPrv,Sleep <7 hours
2020,10701,BRFSS,Health Risk Behaviors,Sleeping less than 7 hours among adults aged >=18 years,%,Crude prevalence,37.1,,,36.7,37.4,63393,POINT (-73.8769555 40.94215589),10701,RISKBEH,SLEEP,CrdPrv,Sleep <7 hours
2020,10703,BRFSS,Health Risk Behaviors,Sleeping less than 7 hours among adults aged >=18 years,%,Crude prevalence,34.4,,,33.8,34.9,20301,POINT (-73.8802909 40.95985904),10703,RISKBEH,SLEEP,CrdPrv,Sleep <7 hours
2020,10704,BRFSS,Health Risk Behaviors,Sleeping less than 7 hours among adults aged >=18 years,%,Crude prevalence,32.3,,,31.8,32.7,30165,POINT (-73.86177013 40.91889726),10704,RISKBEH,SLEEP,CrdPrv,Sleep <7 hours
2020,10705,BRFSS,Health Risk Behaviors,Sleeping less than 7 hours among adults aged >=18 years,%,Crude prevalence,35.5,,,35.1,35.9,38777,POINT (-73.88985927 40.91925894),10705,RISKBEH,SLEEP,CrdPrv,Sleep <7 hours
2020,10706,BRFSS,Health Risk Behaviors,Sleeping less than 7 hours among adults aged >=18 years,%,Crude prevalence,27.7,,,26.9,28.7,8679,POINT (-73.86755195 40.98982052),10706,RISKBEH,SLEEP,CrdPrv,Sleep <7 hours
2020,10707,BRFSS,Health Risk Behaviors,Sleeping less than 7 hours among adults aged >=18 years,%,Crude prevalence,30.0,,,29.1,31.0,10097,POINT (-73.823297 40.95714117),10707,RISKBEH,SLEEP,CrdPrv,Sleep <7 hours
2020,10708,BRFSS,Health Risk Behaviors,Sleeping less than 7 hours among adults aged >=18 years,%,Crude prevalence,29.4,,,28.7,30.0,21225,POINT (-73.842826 40.93862478),10708,RISKBEH,SLEEP,CrdPrv,Sleep <7 hours
2020,10709,BRFSS,Health Risk Behaviors,Sleeping less than 7 hours among adults aged >=18 years,%,Crude prevalence,28.8,,,28.0,29.8,9292,POINT (-73.80932197 40.95463636),10709,RISKBEH,SLEEP,CrdPrv,Sleep <7 hours
2020,10710,BRFSS,Health Risk Behaviors,Sleeping less than 7 hours among adults aged >=18 years,%,Crude prevalence,31.7,,,31.3,32.1,25120,POINT (-73.84711094 40.96732888),10710,RISKBEH,SLEEP,CrdPrv,Sleep <7 hours
2020,10801,BRFSS,Health Risk Behaviors,Sleeping less than 7 hours among adults aged >=18 years,%,Crude prevalence,34.8,,,34.4,35.3,40827,POINT (-73.78449947 40.91757865),10801,RISKBEH,SLEEP,CrdPrv,Sleep <7 hours
2020,10803,BRFSS,Health Risk Behaviors,Sleeping less than 7 hours among adults aged >=18 years,%,Crude prevalence,29.6,,,28.7,30.5,12435,POINT (-73.8066029 40.90028538),10803,RISKBEH,SLEEP,CrdPrv,Sleep <7 hours
2020,10804,BRFSS,Health Risk Behaviors,Sleeping less than 7 hours among adults aged >=18 years,%,Crude prevalence,28.3,,,27.6,29.1,14146,POINT (-73.78632501 40.94912157),10804,RISKBEH,SLEEP,CrdPrv,Sleep <7 hours
2020,10805,BRFSS,Health Risk Behaviors,Sleeping less than 7 hours among adults aged >=18 years,%,Crude prevalence,32.9,,,32.3,33.4,18414,POINT (-73.78125258 40.8985983),10805,RISKBEH,SLEEP,CrdPrv,Sleep <7 hours
2020,10901,BRFSS,Health Risk Behaviors,Sleeping less than 7 hours among adults aged >=18 years,%,Crude prevalence,27.6,,,27.1,28.1,23465,POINT (-74.11606395 41.13880661),10901,RISKBEH,SLEEP,CrdPrv,Sleep <7 hours
2020,10913,BRFSS,Health Risk Behaviors,Sleeping less than 7 hours among adults aged >=18 years,%,Crude prevalence,26.9,,,25.8,28.1,5532,POINT (-73.95546645 41.06886755),10913,RISKBEH,SLEEP,CrdPrv,Sleep <7 hours
2020,10914,BRFSS,Health Risk Behaviors,Sleeping less than 7 hours among adults aged >=18 years,%,Crude prevalence,35.1,,,33.4,36.8,414,POINT (-74.19950967 41.41603985),10914,RISKBEH,SLEEP,CrdPrv,Sleep <7 hours
2020,10915,BRFSS,Health Risk Behaviors,Sleeping less than 7 hours among adults aged >=18 years,%,Crude prevalence,34.6,,,32.7,36.3,119,POINT (-74.35673973 41.54006834),10915,RISKBEH,SLEEP,CrdPrv,Sleep <7 hours
2020,10916,BRFSS,Health Risk Behaviors,Sleeping less than 7 hours among adults aged >=18 years,%,Crude prevalence,34.2,,,32.5,35.8,4540,POINT (-74.24871561 41.44212539),10916,RISKBEH,SLEEP,CrdPrv,Sleep <7 hours
2020,10917,BRFSS,Health Risk Behaviors,Sleeping less than 7 hours among adults aged >=18 years,%,Crude prevalence,33.6,,,31.8,35.3,1968,POINT (-74.11872864 41.32420956),10917,RISKBEH,SLEEP,CrdPrv,Sleep <7 hours
2020,10918,BRFSS,Health Risk Behaviors,Sleeping less than 7 hours among adults aged >=18 years,%,Crude prevalence,35.4,,,34.5,36.3,11647,POINT (-74.25870617 41.34770121),10918,RISKBEH,SLEEP,CrdPrv,Sleep <7 hours
2020,10919,BRFSS,Health Risk Behaviors,Sleeping less than 7 hours among adults aged >=18 years,%,Crude prevalence,35.8,,,34.4,37.2,1040,POINT (-74.38316449 41.52855961),10919,RISKBEH,SLEEP,CrdPrv,Sleep <7 hours
2020,10920,BRFSS,Health Risk Behaviors,Sleeping less than 7 hours among adults aged >=18 years,%,Crude prevalence,27.9,,,27.0,28.8,8554,POINT (-73.94056527 41.15286753),10920,RISKBEH,SLEEP,CrdPrv,Sleep <7 hours
2020,10921,BRFSS,Health Risk Behaviors,Sleeping less than 7 hours among adults aged >=18 years,%,Crude prevalence,34.5,,,33.4,35.6,4135,POINT (-74.3639679 41.32974733),10921,RISKBEH,SLEEP,CrdPrv,Sleep <7 hours
2020,10922,BRFSS,Health Risk Behaviors,Sleeping less than 7 hours among adults aged >=18 years,%,Crude prevalence,34.1,,,32.6,35.5,1559,POINT (-73.99454088 41.33381579),10922,RISKBEH,SLEEP,CrdPrv,Sleep <7 hours
2020,10923,BRFSS,Health Risk Behaviors,Sleeping less than 7 hours among adults aged >=18 years,%,Crude prevalence,31.3,,,30.6,31.9,8732,POINT (-73.99990038 41.2023741),10923,RISKBEH,SLEEP,CrdPrv,Sleep <7 hours
2020,10924,BRFSS,Health Risk Behaviors,Sleeping less than 7 hours among adults aged >=18 years,%,Crude prevalence,33.8,,,33.0,34.6,13120,POINT (-74.34679951 41.37921924),10924,RISKBEH,SLEEP,CrdPrv,Sleep <7 hours
2020,10925,BRFSS,Health Risk Behaviors,Sleeping less than 7 hours among adults aged >=18 years,%,Crude prevalence,34.9,,,33.7,36.1,4539,POINT (-74.30330888 41.21008102),10925,RISKBEH,SLEEP,CrdPrv,Sleep <7 hours
2020,10926,BRFSS,Health Risk Behaviors,Sleeping less than 7 hours among adults aged >=18 years,%,Crude prevalence,36.2,,,35.0,37.2,3203,POINT (-74.107849 41.2998827),10926,RISKBEH,SLEEP,CrdPrv,Sleep <7 hours
2020,10927,BRFSS,Health Risk Behaviors,Sleeping less than 7 hours among adults aged >=18 years,%,Crude prevalence,31.3,,,30.5,32.1,11910,POINT (-73.96731715 41.19221019),10927,RISKBEH,SLEEP,CrdPrv,Sleep <7 hours
2020,10928,BRFSS,Health Risk Behaviors,Sleeping less than 7 hours among adults aged >=18 years,%,Crude prevalence,34.5,,,33.4,35.5,4175,POINT (-73.98167647 41.35895373),10928,RISKBEH,SLEEP,CrdPrv,Sleep <7 hours
2020,10930,BRFSS,Health Risk Behaviors,Sleeping less than 7 hours among adults aged >=18 years,%,Crude prevalence,35.0,,,33.8,36.2,8958,POINT (-74.11541331 41.3647876),10930,RISKBEH,SLEEP,CrdPrv,Sleep <7 hours
2020,10931,BRFSS,Health Risk Behaviors,Sleeping less than 7 hours among adults aged >=18 years,%,Crude prevalence,33.1,,,32.1,34.0,1023,POINT (-74.1667375 41.12486506),10931,RISKBEH,SLEEP,CrdPrv,Sleep <7 hours
2020,10932,BRFSS,Health Risk Behaviors,Sleeping less than 7 hours among adults aged >=18 years,%,Crude prevalence,34.7,,,32.5,36.7,60,POINT (-74.46443987 41.48212132),10932,RISKBEH,SLEEP,CrdPrv,Sleep <7 hours
2020,10933,BRFSS,Health Risk Behaviors,Sleeping less than 7 hours among adults aged >=18 years,%,Crude prevalence,35.6,,,33.4,37.7,473,POINT (-74.5056195 41.36947836),10933,RISKBEH,SLEEP,CrdPrv,Sleep <7 hours
2020,10940,BRFSS,Health Risk Behaviors,Sleeping less than 7 hours among adults aged >=18 years,%,Crude prevalence,37.6,,,37.2,37.9,48418,POINT (-74.47013615 41.45126148),10940,RISKBEH,SLEEP,CrdPrv,Sleep <7 hours
2020,10941,BRFSS,Health Risk Behaviors,Sleeping less than 7 hours among adults aged >=18 years,%,Crude prevalence,37.3,,,36.7,37.9,13779,POINT (-74.34017507 41.48568832),10941,RISKBEH,SLEEP,CrdPrv,Sleep <7 hours
2020,10950,BRFSS,Health Risk Behaviors,Sleeping less than 7 hours among adults aged >=18 years,%,Crude prevalence,36.6,,,36.1,37.0,47226,POINT (-74.1988448 41.31840946),10950,RISKBEH,SLEEP,CrdPrv,Sleep <7 hours
2020,10952,BRFSS,Health Risk Behaviors,Sleeping less than 7 hours among adults aged >=18 years,%,Crude prevalence,31.8,,,31.4,32.3,38917,POINT (-74.07943069 41.11367568),10952,RISKBEH,SLEEP,CrdPrv,Sleep <7 hours
2020,10953,BRFSS,Health Risk Behaviors,Sleeping less than 7 hours among adults aged >=18 years,%,Crude prevalence,31.8,,,29.9,33.8,252,POINT (-74.08430221 41.39791833),10953,RISKBEH,SLEEP,CrdPrv,Sleep <7 hours
2020,10954,BRFSS,Health Risk Behaviors,Sleeping less than 7 hours among adults aged >=18 years,%,Crude prevalence,28.9,,,28.4,29.4,23045,POINT (-74.01279572 41.09989271),10954,RISKBEH,SLEEP,CrdPrv,Sleep <7 hours
2020,10956,BRFSS,Health Risk Behaviors,Sleeping less than 7 hours among adults aged >=18 years,%,Crude prevalence,27.2,,,26.6,27.7,31521,POINT (-73.99440948 41.15692766),10956,RISKBEH,SLEEP,CrdPrv,Sleep <7 hours
2020,10958,BRFSS,Health Risk Behaviors,Sleeping less than 7 hours among adults aged >=18 years,%,Crude prevalence,35.2,,,34.1,36.3,3291,POINT (-74.429737 41.36996997),10958,RISKBEH,SLEEP,CrdPrv,Sleep <7 hours
2020,10960,BRFSS,Health Risk Behaviors,Sleeping less than 7 hours among adults aged >=18 years,%,Crude prevalence,29.0,,,28.4,29.7,15093,POINT (-73.92579659 41.09183438),10960,RISKBEH,SLEEP,CrdPrv,Sleep <7 hours
2020,10962,BRFSS,Health Risk Behaviors,Sleeping less than 7 hours among adults aged >=18 years,%,Crude prevalence,28.0,,,27.4,28.7,5950,POINT (-73.9608845 41.04631684),10962,RISKBEH,SLEEP,CrdPrv,Sleep <7 hours
2020,10963,BRFSS,Health Risk Behaviors,Sleeping less than 7 hours among adults aged >=18 years,%,Crude prevalence,40.0,,,38.6,41.2,4298,POINT (-74.54430334 41.46330651),10963,RISKBEH,SLEEP,CrdPrv,Sleep <7 hours
2020,10964,BRFSS,Health Risk Behaviors,Sleeping less than 7 hours among adults aged >=18 years,%,Crude prevalence,25.9,,,24.9,27.1,1472,POINT (-73.9112503 41.01947378),10964,RISKBEH,SLEEP,CrdPrv,Sleep <7 hours
2020,10965,BRFSS,Health Risk Behaviors,Sleeping less than 7 hours among adults aged >=18 years,%,Crude prevalence,27.2,,,26.4,28.1,14791,POINT (-74.01280031 41.06176148),10965,RISKBEH,SLEEP,CrdPrv,Sleep <7 hours
2020,10968,BRFSS,Health Risk Behaviors,Sleeping less than 7 hours among adults aged >=18 years,%,Crude prevalence,26.2,,,24.7,27.8,2353,POINT (-73.91769399 41.03940819),10968,RISKBEH,SLEEP,CrdPrv,Sleep <7 hours
2020,10969,BRFSS,Health Risk Behaviors,Sleeping less than 7 hours among adults aged >=18 years,%,Crude prevalence,33.4,,,31.5,35.3,1267,POINT (-74.48883198 41.29256442),10969,RISKBEH,SLEEP,CrdPrv,Sleep <7 hours
2020,10970,BRFSS,Health Risk Behaviors,Sleeping less than 7 hours among adults aged >=18 years,%,Crude prevalence,31.0,,,30.2,31.8,9993,POINT (-74.11003425 41.18776318),10970,RISKBEH,SLEEP,CrdPrv,Sleep <7 hours
2020,10973,BRFSS,Health Risk Behaviors,Sleeping less than 7 hours among adults aged >=18 years,%,Crude prevalence,35.0,,,33.6,36.2,2126,POINT (-74.47610997 41.38493469),10973,RISKBEH,SLEEP,CrdPrv,Sleep <7 hours
2020,10974,BRFSS,Health Risk Behaviors,Sleeping less than 7 hours among adults aged >=18 years,%,Crude prevalence,28.0,,,26.5,29.6,3152,POINT (-74.20625325 41.14723662),10974,RISKBEH,SLEEP,CrdPrv,Sleep <7 hours
2020,10975,BRFSS,Health Risk Behaviors,Sleeping less than 7 hours among adults aged >=18 years,%,Crude prevalence,33.0,,,31.1,35.0,281,POINT (-74.17409509 41.25790447),10975,RISKBEH,SLEEP,CrdPrv,Sleep <7 hours
2020,10976,BRFSS,Health Risk Behaviors,Sleeping less than 7 hours among adults aged >=18 years,%,Crude prevalence,24.0,,,22.5,25.7,2258,POINT (-73.92618719 41.028586),10976,RISKBEH,SLEEP,CrdPrv,Sleep <7 hours
2020,10977,BRFSS,Health Risk Behaviors,Sleeping less than 7 hours among adults aged >=18 years,%,Crude prevalence,35.1,,,34.6,35.5,59048,POINT (-74.04812698 41.11769214),10977,RISKBEH,SLEEP,CrdPrv,Sleep <7 hours
2020,10979,BRFSS,Health Risk Behaviors,Sleeping less than 7 hours among adults aged >=18 years,%,Crude prevalence,35.3,,,33.3,37.3,234,POINT (-74.314283 41.18075913),10979,RISKBEH,SLEEP,CrdPrv,Sleep <7 hours
2020,10980,BRFSS,Health Risk Behaviors,Sleeping less than 7 hours among adults aged >=18 years,%,Crude prevalence,28.5,,,27.7,29.3,13383,POINT (-74.04648375 41.23606461),10980,RISKBEH,SLEEP,CrdPrv,Sleep <7 hours
2020,10983,BRFSS,Health Risk Behaviors,Sleeping less than 7 hours among adults aged >=18 years,%,Crude prevalence,26.7,,,25.6,27.9,5532,POINT (-73.94824459 41.02746789),10983,RISKBEH,SLEEP,CrdPrv,Sleep <7 hours
2020,10984,BRFSS,Health Risk Behaviors,Sleeping less than 7 hours among adults aged >=18 years,%,Crude prevalence,28.6,,,27.1,29.9,2842,POINT (-74.01760372 41.20843893),10984,RISKBEH,SLEEP,CrdPrv,Sleep <7 hours
2020,10985,BRFSS,Health Risk Behaviors,Sleeping less than 7 hours among adults aged >=18 years,%,Crude prevalence,35.7,,,33.2,37.9,58,POINT (-74.37318815 41.58351947),10985,RISKBEH,SLEEP,CrdPrv,Sleep <7 hours
2020,10986,BRFSS,Health Risk Behaviors,Sleeping less than 7 hours among adults aged >=18 years,%,Crude prevalence,28.6,,,26.9,30.4,1974,POINT (-73.99510447 41.28142805),10986,RISKBEH,SLEEP,CrdPrv,Sleep <7 hours
2020,10987,BRFSS,Health Risk Behaviors,Sleeping less than 7 hours among adults aged >=18 years,%,Crude prevalence,32.3,,,30.9,33.7,3395,POINT (-74.23208023 41.20393834),10987,RISKBEH,SLEEP,CrdPrv,Sleep <7 hours
2020,10988,BRFSS,Health Risk Behaviors,Sleeping less than 7 hours among adults aged >=18 years,%,Crude prevalence,34.9,,,33.2,36.2,896,POINT (-74.54282634 41.30158146),10988,RISKBEH,SLEEP,CrdPrv,Sleep <7 hours
2020,10989,BRFSS,Health Risk Behaviors,Sleeping less than 7 hours among adults aged >=18 years,%,Crude prevalence,27.9,,,27.0,28.8,9293,POINT (-73.9361499 41.12462899),10989,RISKBEH,SLEEP,CrdPrv,Sleep <7 hours
2020,10990,BRFSS,Health Risk Behaviors,Sleeping less than 7 hours among adults aged >=18 years,%,Crude prevalence,33.6,,,32.7,34.4,20631,POINT (-74.36599329 41.26442315),10990,RISKBEH,SLEEP,CrdPrv,Sleep <7 hours
2020,10992,BRFSS,Health Risk Behaviors,Sleeping less than 7 hours among adults aged >=18 years,%,Crude prevalence,34.5,,,33.7,35.4,9621,POINT (-74.16590773 41.42554403),10992,RISKBEH,SLEEP,CrdPrv,Sleep <7 hours
2020,10993,BRFSS,Health Risk Behaviors,Sleeping less than 7 hours among adults aged >=18 years,%,Crude prevalence,32.2,,,31.3,33.0,4769,POINT (-73.97560306 41.21010093),10993,RISKBEH,SLEEP,CrdPrv,Sleep <7 hours
2020,10994,BRFSS,Health Risk Behaviors,Sleeping less than 7 hours among adults aged >=18 years,%,Crude prevalence,27.0,,,26.1,27.8,7085,POINT (-73.972646 41.09754938),10994,RISKBEH,SLEEP,CrdPrv,Sleep <7 hours
2020,10996,BRFSS,Health Risk Behaviors,Sleeping less than 7 hours among adults aged >=18 years,%,Crude prevalence,31.3,,,27.0,34.8,6756,POINT (-73.9726923 41.38966595),10996,RISKBEH,SLEEP,CrdPrv,Sleep <7 hours
2020,10998,BRFSS,Health Risk Behaviors,Sleeping less than 7 hours among adults aged >=18 years,%,Crude prevalence,35.4,,,33.5,37.2,3122,POINT (-74.53883379 41.33514798),10998,RISKBEH,SLEEP,CrdPrv,Sleep <7 hours
2020,11001,BRFSS,Health Risk Behaviors,Sleeping less than 7 hours among adults aged >=18 years,%,Crude prevalence,32.7,,,32.2,33.2,26883,POINT (-73.70449523 40.72352618),11001,RISKBEH,SLEEP,CrdPrv,Sleep <7 hours
2020,11003,BRFSS,Health Risk Behaviors,Sleeping less than 7 hours among adults aged >=18 years,%,Crude prevalence,38.7,,,38.3,39.2,41356,POINT (-73.70792616 40.70139963),11003,RISKBEH,SLEEP,CrdPrv,Sleep <7 hours
2020,11004,BRFSS,Health Risk Behaviors,Sleeping less than 7 hours among adults aged >=18 years,%,Crude prevalence,31.9,,,31.2,32.7,14016,POINT (-73.711877 40.74462685),11004,RISKBEH,SLEEP,CrdPrv,Sleep <7 hours
2020,11005,BRFSS,Health Risk Behaviors,Sleeping less than 7 hours among adults aged >=18 years,%,Crude prevalence,23.2,,,20.5,26.1,1806,POINT (-73.7145015 40.75746256),11005,RISKBEH,SLEEP,CrdPrv,Sleep <7 hours
2020,11010,BRFSS,Health Risk Behaviors,Sleeping less than 7 hours among adults aged >=18 years,%,Crude prevalence,32.7,,,32.1,33.3,23821,POINT (-73.67501822 40.70058845),11010,RISKBEH,SLEEP,CrdPrv,Sleep <7 hours
2020,11020,BRFSS,Health Risk Behaviors,Sleeping less than 7 hours among adults aged >=18 years,%,Crude prevalence,32.0,,,31.2,32.8,5914,POINT (-73.71275089 40.7710564),11020,RISKBEH,SLEEP,CrdPrv,Sleep <7 hours
2020,11021,BRFSS,Health Risk Behaviors,Sleeping less than 7 hours among adults aged >=18 years,%,Crude prevalence,30.2,,,29.6,30.9,17729,POINT (-73.72889157 40.7865273),11021,RISKBEH,SLEEP,CrdPrv,Sleep <7 hours
2020,11023,BRFSS,Health Risk Behaviors,Sleeping less than 7 hours among adults aged >=18 years,%,Crude prevalence,31.0,,,30.1,31.8,9027,POINT (-73.73171054 40.80042341),11023,RISKBEH,SLEEP,CrdPrv,Sleep <7 hours
2020,11024,BRFSS,Health Risk Behaviors,Sleeping less than 7 hours among adults aged >=18 years,%,Crude prevalence,31.4,,,30.1,32.7,8002,POINT (-73.74166274 40.81639869),11024,RISKBEH,SLEEP,CrdPrv,Sleep <7 hours
2020,11030,BRFSS,Health Risk Behaviors,Sleeping less than 7 hours among adults aged >=18 years,%,Crude prevalence,29.7,,,29.1,30.3,17962,POINT (-73.6886297 40.79321425),11030,RISKBEH,SLEEP,CrdPrv,Sleep <7 hours
2020,11040,BRFSS,Health Risk Behaviors,Sleeping less than 7 hours among adults aged >=18 years,%,Crude prevalence,32.2,,,31.8,32.7,40782,POINT (-73.67971345 40.74559314),11040,RISKBEH,SLEEP,CrdPrv,Sleep <7 hours
2020,11042,BRFSS,Health Risk Behaviors,Sleeping less than 7 hours among adults aged >=18 years,%,Crude prevalence,22.4,,,19.7,25.9,520,POINT (-73.69402225 40.75825024),11042,RISKBEH,SLEEP,CrdPrv,Sleep <7 hours
2020,11050,BRFSS,Health Risk Behaviors,Sleeping less than 7 hours among adults aged >=18 years,%,Crude prevalence,31.2,,,30.7,31.7,30171,POINT (-73.69142526 40.83897103),11050,RISKBEH,SLEEP,CrdPrv,Sleep <7 hours
2020,11096,BRFSS,Health Risk Behaviors,Sleeping less than 7 hours among adults aged >=18 years,%,Crude prevalence,38.7,,,37.9,39.5,8344,POINT (-73.75064754 40.61922747),11096,RISKBEH,SLEEP,CrdPrv,Sleep <7 hours
2020,11101,BRFSS,Health Risk Behaviors,Sleeping less than 7 hours among adults aged >=18 years,%,Crude prevalence,35.9,,,35.5,36.3,25484,POINT (-73.93883591 40.74676171),11101,RISKBEH,SLEEP,CrdPrv,Sleep <7 hours
2020,11102,BRFSS,Health Risk Behaviors,Sleeping less than 7 hours among adults aged >=18 years,%,Crude prevalence,33.5,,,33.1,33.9,34133,POINT (-73.92586419 40.77242622),11102,RISKBEH,SLEEP,CrdPrv,Sleep <7 hours
2020,11103,BRFSS,Health Risk Behaviors,Sleeping less than 7 hours among adults aged >=18 years,%,Crude prevalence,32.3,,,31.9,32.6,38780,POINT (-73.91355231 40.76252901),11103,RISKBEH,SLEEP,CrdPrv,Sleep <7 hours
2020,11104,BRFSS,Health Risk Behaviors,Sleeping less than 7 hours among adults aged >=18 years,%,Crude prevalence,33.2,,,32.8,33.7,27232,POINT (-73.92021329 40.74461675),11104,RISKBEH,SLEEP,CrdPrv,Sleep <7 hours
2020,11105,BRFSS,Health Risk Behaviors,Sleeping less than 7 hours among adults aged >=18 years,%,Crude prevalence,31.6,,,31.2,32.0,36688,POINT (-73.89949825 40.77572055),11105,RISKBEH,SLEEP,CrdPrv,Sleep <7 hours
2020,11106,BRFSS,Health Risk Behaviors,Sleeping less than 7 hours among adults aged >=18 years,%,Crude prevalence,33.3,,,32.8,33.7,38875,POINT (-73.93176277 40.76179452),11106,RISKBEH,SLEEP,CrdPrv,Sleep <7 hours
2020,11109,BRFSS,Health Risk Behaviors,Sleeping less than 7 hours among adults aged >=18 years,%,Crude prevalence,31.1,,,29.6,32.8,3523,POINT (-73.95719323 40.74563832),11109,RISKBEH,SLEEP,CrdPrv,Sleep <7 hours
2020,11201,BRFSS,Health Risk Behaviors,Sleeping less than 7 hours among adults aged >=18 years,%,Crude prevalence,30.9,,,30.6,31.2,51128,POINT (-73.98980186 40.69446937),11201,RISKBEH,SLEEP,CrdPrv,Sleep <7 hours
2020,11203,BRFSS,Health Risk Behaviors,Sleeping less than 7 hours among adults aged >=18 years,%,Crude prevalence,42.4,,,42.1,42.7,76174,POINT (-73.93437115 40.64959142),11203,RISKBEH,SLEEP,CrdPrv,Sleep <7 hours
2020,11204,BRFSS,Health Risk Behaviors,Sleeping less than 7 hours among adults aged >=18 years,%,Crude prevalence,34.7,,,34.4,35.0,78134,POINT (-73.98482618 40.61877963),11204,RISKBEH,SLEEP,CrdPrv,Sleep <7 hours
2020,11205,BRFSS,Health Risk Behaviors,Sleeping less than 7 hours among adults aged >=18 years,%,Crude prevalence,36.5,,,36.1,37.0,40366,POINT (-73.96625498 40.69465833),11205,RISKBEH,SLEEP,CrdPrv,Sleep <7 hours
2020,11206,BRFSS,Health Risk Behaviors,Sleeping less than 7 hours among adults aged >=18 years,%,Crude prevalence,37.3,,,37.0,37.6,81677,POINT (-73.94235759 40.70195405),11206,RISKBEH,SLEEP,CrdPrv,Sleep <7 hours
2020,11207,BRFSS,Health Risk Behaviors,Sleeping less than 7 hours among adults aged >=18 years,%,Crude prevalence,41.7,,,41.4,41.9,93386,POINT (-73.89426164 40.67080478),11207,RISKBEH,SLEEP,CrdPrv,Sleep <7 hours
2020,11208,BRFSS,Health Risk Behaviors,Sleeping less than 7 hours among adults aged >=18 years,%,Crude prevalence,40.5,,,40.3,40.8,94469,POINT (-73.87135422 40.66947102),11208,RISKBEH,SLEEP,CrdPrv,Sleep <7 hours
2020,11209,BRFSS,Health Risk Behaviors,Sleeping less than 7 hours among adults aged >=18 years,%,Crude prevalence,31.4,,,31.1,31.7,68853,POINT (-74.03011309 40.62205955),11209,RISKBEH,SLEEP,CrdPrv,Sleep <7 hours
2020,11210,BRFSS,Health Risk Behaviors,Sleeping less than 7 hours among adults aged >=18 years,%,Crude prevalence,38.5,,,38.1,38.8,62008,POINT (-73.94632419 40.62814802),11210,RISKBEH,SLEEP,CrdPrv,Sleep <7 hours
2020,11211,BRFSS,Health Risk Behaviors,Sleeping less than 7 hours among adults aged >=18 years,%,Crude prevalence,33.1,,,32.7,33.4,90117,POINT (-73.96324 40.7098719),11211,RISKBEH,SLEEP,CrdPrv,Sleep <7 hours
2020,11212,BRFSS,Health Risk Behaviors,Sleeping less than 7 hours among adults aged >=18 years,%,Crude prevalence,44.9,,,44.6,45.2,84500,POINT (-73.91302859 40.66293659),11212,RISKBEH,SLEEP,CrdPrv,Sleep <7 hours
2020,11213,BRFSS,Health Risk Behaviors,Sleeping less than 7 hours among adults aged >=18 years,%,Crude prevalence,41.4,,,41.0,41.8,63767,POINT (-73.93633575 40.67107768),11213,RISKBEH,SLEEP,CrdPrv,Sleep <7 hours
2020,11214,BRFSS,Health Risk Behaviors,Sleeping less than 7 hours among adults aged >=18 years,%,Crude prevalence,34.0,,,33.7,34.2,88630,POINT (-73.99620968 40.59886234),11214,RISKBEH,SLEEP,CrdPrv,Sleep <7 hours
2020,11215,BRFSS,Health Risk Behaviors,Sleeping less than 7 hours among adults aged >=18 years,%,Crude prevalence,29.8,,,29.4,30.1,63488,POINT (-73.98682903 40.66239903),11215,RISKBEH,SLEEP,CrdPrv,Sleep <7 hours
2020,11216,BRFSS,Health Risk Behaviors,Sleeping less than 7 hours among adults aged >=18 years,%,Crude prevalence,39.4,,,39.0,39.8,54316,POINT (-73.94931636 40.68076788),11216,RISKBEH,SLEEP,CrdPrv,Sleep <7 hours
2020,11217,BRFSS,Health Risk Behaviors,Sleeping less than 7 hours among adults aged >=18 years,%,Crude prevalence,32.6,,,32.3,33.0,35881,POINT (-73.97932952 40.68242556),11217,RISKBEH,SLEEP,CrdPrv,Sleep <7 hours
2020,11218,BRFSS,Health Risk Behaviors,Sleeping less than 7 hours among adults aged >=18 years,%,Crude prevalence,34.1,,,33.8,34.4,75220,POINT (-73.97604251 40.64347646),11218,RISKBEH,SLEEP,CrdPrv,Sleep <7 hours
2020,11219,BRFSS,Health Risk Behaviors,Sleeping less than 7 hours among adults aged >=18 years,%,Crude prevalence,36.6,,,36.3,36.8,92221,POINT (-73.99666834 40.63266684),11219,RISKBEH,SLEEP,CrdPrv,Sleep <7 hours
2020,11220,BRFSS,Health Risk Behaviors,Sleeping less than 7 hours among adults aged >=18 years,%,Crude prevalence,37.4,,,37.1,37.6,99598,POINT (-74.01648929 40.64108166),11220,RISKBEH,SLEEP,CrdPrv,Sleep <7 hours
2020,11221,BRFSS,Health Risk Behaviors,Sleeping less than 7 hours among adults aged >=18 years,%,Crude prevalence,39.0,,,38.7,39.3,78895,POINT (-73.92787852 40.69133996),11221,RISKBEH,SLEEP,CrdPrv,Sleep <7 hours
2020,11222,BRFSS,Health Risk Behaviors,Sleeping less than 7 hours among adults aged >=18 years,%,Crude prevalence,31.0,,,30.4,31.5,36934,POINT (-73.94759629 40.72851621),11222,RISKBEH,SLEEP,CrdPrv,Sleep <7 hours
2020,11223,BRFSS,Health Risk Behaviors,Sleeping less than 7 hours among adults aged >=18 years,%,Crude prevalence,33.7,,,33.5,34.0,78731,POINT (-73.97342834 40.59713985),11223,RISKBEH,SLEEP,CrdPrv,Sleep <7 hours
2020,11224,BRFSS,Health Risk Behaviors,Sleeping less than 7 hours among adults aged >=18 years,%,Crude prevalence,34.3,,,33.9,34.8,47621,POINT (-73.99952481 40.57596819),11224,RISKBEH,SLEEP,CrdPrv,Sleep <7 hours
2020,11225,BRFSS,Health Risk Behaviors,Sleeping less than 7 hours among adults aged >=18 years,%,Crude prevalence,40.0,,,39.6,40.4,56829,POINT (-73.9542192 40.66304596),11225,RISKBEH,SLEEP,CrdPrv,Sleep <7 hours
2020,11226,BRFSS,Health Risk Behaviors,Sleeping less than 7 hours among adults aged >=18 years,%,Crude prevalence,41.2,,,40.9,41.6,101572,POINT (-73.95664862 40.64644832),11226,RISKBEH,SLEEP,CrdPrv,Sleep <7 hours
2020,11228,BRFSS,Health Risk Behaviors,Sleeping less than 7 hours among adults aged >=18 years,%,Crude prevalence,32.8,,,32.5,33.1,41788,POINT (-74.01304032 40.61671804),11228,RISKBEH,SLEEP,CrdPrv,Sleep <7 hours
2020,11229,BRFSS,Health Risk Behaviors,Sleeping less than 7 hours among adults aged >=18 years,%,Crude prevalence,32.7,,,32.4,32.9,80018,POINT (-73.94393313 40.60079311),11229,RISKBEH,SLEEP,CrdPrv,Sleep <7 hours
2020,11230,BRFSS,Health Risk Behaviors,Sleeping less than 7 hours among adults aged >=18 years,%,Crude prevalence,33.3,,,33.0,33.5,86408,POINT (-73.96510547 40.62216449),11230,RISKBEH,SLEEP,CrdPrv,Sleep <7 hours
2020,11231,BRFSS,Health Risk Behaviors,Sleeping less than 7 hours among adults aged >=18 years,%,Crude prevalence,32.2,,,31.8,32.7,33336,POINT (-74.00448443 40.6777095),11231,RISKBEH,SLEEP,CrdPrv,Sleep <7 hours
2020,11232,BRFSS,Health Risk Behaviors,Sleeping less than 7 hours among adults aged >=18 years,%,Crude prevalence,35.0,,,34.6,35.5,28265,POINT (-74.00590482 40.65605617),11232,RISKBEH,SLEEP,CrdPrv,Sleep <7 hours
2020,11233,BRFSS,Health Risk Behaviors,Sleeping less than 7 hours among adults aged >=18 years,%,Crude prevalence,43.1,,,42.7,43.5,67053,POINT (-73.91993607 40.67830836),11233,RISKBEH,SLEEP,CrdPrv,Sleep <7 hours
2020,11234,BRFSS,Health Risk Behaviors,Sleeping less than 7 hours among adults aged >=18 years,%,Crude prevalence,35.8,,,35.6,36.1,87757,POINT (-73.910682 40.59402154),11234,RISKBEH,SLEEP,CrdPrv,Sleep <7 hours
2020,11235,BRFSS,Health Risk Behaviors,Sleeping less than 7 hours among adults aged >=18 years,%,Crude prevalence,31.2,,,30.9,31.6,79132,POINT (-73.9597295 40.58342166),11235,RISKBEH,SLEEP,CrdPrv,Sleep <7 hours
2020,11236,BRFSS,Health Risk Behaviors,Sleeping less than 7 hours among adults aged >=18 years,%,Crude prevalence,41.5,,,41.2,41.8,93877,POINT (-73.90139749 40.64004685),11236,RISKBEH,SLEEP,CrdPrv,Sleep <7 hours
2020,11237,BRFSS,Health Risk Behaviors,Sleeping less than 7 hours among adults aged >=18 years,%,Crude prevalence,35.1,,,34.7,35.6,49896,POINT (-73.918465 40.70188866),11237,RISKBEH,SLEEP,CrdPrv,Sleep <7 hours
2020,11238,BRFSS,Health Risk Behaviors,Sleeping less than 7 hours among adults aged >=18 years,%,Crude prevalence,34.9,,,34.5,35.2,49262,POINT (-73.96380443 40.67917114),11238,RISKBEH,SLEEP,CrdPrv,Sleep <7 hours
2020,11239,BRFSS,Health Risk Behaviors,Sleeping less than 7 hours among adults aged >=18 years,%,Crude prevalence,38.5,,,37.8,39.3,13393,POINT (-73.88251139 40.64700724),11239,RISKBEH,SLEEP,CrdPrv,Sleep <7 hours
2020,11354,BRFSS,Health Risk Behaviors,Sleeping less than 7 hours among adults aged >=18 years,%,Crude prevalence,37.1,,,36.8,37.5,54878,POINT (-73.82697464 40.76867258),11354,RISKBEH,SLEEP,CrdPrv,Sleep <7 hours
2020,11355,BRFSS,Health Risk Behaviors,Sleeping less than 7 hours among adults aged >=18 years,%,Crude prevalence,38.4,,,38.1,38.8,85871,POINT (-73.82103093 40.75147567),11355,RISKBEH,SLEEP,CrdPrv,Sleep <7 hours
2020,11356,BRFSS,Health Risk Behaviors,Sleeping less than 7 hours among adults aged >=18 years,%,Crude prevalence,35.2,,,34.7,35.6,23438,POINT (-73.84126017 40.78477361),11356,RISKBEH,SLEEP,CrdPrv,Sleep <7 hours
2020,11357,BRFSS,Health Risk Behaviors,Sleeping less than 7 hours among adults aged >=18 years,%,Crude prevalence,31.6,,,31.2,32.0,39150,POINT (-73.81087996 40.78631685),11357,RISKBEH,SLEEP,CrdPrv,Sleep <7 hours
2020,11358,BRFSS,Health Risk Behaviors,Sleeping less than 7 hours among adults aged >=18 years,%,Crude prevalence,34.2,,,33.9,34.5,37546,POINT (-73.79637127 40.76047148),11358,RISKBEH,SLEEP,CrdPrv,Sleep <7 hours
2020,11360,BRFSS,Health Risk Behaviors,Sleeping less than 7 hours among adults aged >=18 years,%,Crude prevalence,29.8,,,29.2,30.5,18884,POINT (-73.78149278 40.78028881),11360,RISKBEH,SLEEP,CrdPrv,Sleep <7 hours
2020,11361,BRFSS,Health Risk Behaviors,Sleeping less than 7 hours among adults aged >=18 years,%,Crude prevalence,32.8,,,32.4,33.1,28606,POINT (-73.77248695 40.76372669),11361,RISKBEH,SLEEP,CrdPrv,Sleep <7 hours
2020,11362,BRFSS,Health Risk Behaviors,Sleeping less than 7 hours among adults aged >=18 years,%,Crude prevalence,31.5,,,30.9,32.2,17823,POINT (-73.73688614 40.75648051),11362,RISKBEH,SLEEP,CrdPrv,Sleep <7 hours
2020,11363,BRFSS,Health Risk Behaviors,Sleeping less than 7 hours among adults aged >=18 years,%,Crude prevalence,30.6,,,29.7,31.4,6988,POINT (-73.74641762 40.7725776),11363,RISKBEH,SLEEP,CrdPrv,Sleep <7 hours
2020,11364,BRFSS,Health Risk Behaviors,Sleeping less than 7 hours among adults aged >=18 years,%,Crude prevalence,32.9,,,32.4,33.4,34555,POINT (-73.76060746 40.74529648),11364,RISKBEH,SLEEP,CrdPrv,Sleep <7 hours
2020,11365,BRFSS,Health Risk Behaviors,Sleeping less than 7 hours among adults aged >=18 years,%,Crude prevalence,34.3,,,33.8,34.7,42252,POINT (-73.79479854 40.73977295),11365,RISKBEH,SLEEP,CrdPrv,Sleep <7 hours
2020,11366,BRFSS,Health Risk Behaviors,Sleeping less than 7 hours among adults aged >=18 years,%,Crude prevalence,33.7,,,33.1,34.2,13532,POINT (-73.783726 40.7306371),11366,RISKBEH,SLEEP,CrdPrv,Sleep <7 hours
2020,11367,BRFSS,Health Risk Behaviors,Sleeping less than 7 hours among adults aged >=18 years,%,Crude prevalence,34.0,,,33.7,34.5,41047,POINT (-73.82620924 40.73034787),11367,RISKBEH,SLEEP,CrdPrv,Sleep <7 hours
2020,11368,BRFSS,Health Risk Behaviors,Sleeping less than 7 hours among adults aged >=18 years,%,Crude prevalence,37.4,,,37.1,37.7,109931,POINT (-73.85278407 40.74938528),11368,RISKBEH,SLEEP,CrdPrv,Sleep <7 hours
2020,11369,BRFSS,Health Risk Behaviors,Sleeping less than 7 hours among adults aged >=18 years,%,Crude prevalence,36.7,,,36.4,37.1,38615,POINT (-73.87244305 40.76333591),11369,RISKBEH,SLEEP,CrdPrv,Sleep <7 hours
2020,11370,BRFSS,Health Risk Behaviors,Sleeping less than 7 hours among adults aged >=18 years,%,Crude prevalence,36.8,,,36.3,37.3,39688,POINT (-73.89102932 40.76339993),11370,RISKBEH,SLEEP,CrdPrv,Sleep <7 hours
2020,11372,BRFSS,Health Risk Behaviors,Sleeping less than 7 hours among adults aged >=18 years,%,Crude prevalence,34.5,,,34.1,34.9,66636,POINT (-73.88363791 40.75168959),11372,RISKBEH,SLEEP,CrdPrv,Sleep <7 hours
2020,11373,BRFSS,Health Risk Behaviors,Sleeping less than 7 hours among adults aged >=18 years,%,Crude prevalence,36.0,,,35.8,36.3,100820,POINT (-73.87850761 40.7388254),11373,RISKBEH,SLEEP,CrdPrv,Sleep <7 hours
2020,11374,BRFSS,Health Risk Behaviors,Sleeping less than 7 hours among adults aged >=18 years,%,Crude prevalence,32.1,,,31.8,32.5,43600,POINT (-73.86150857 40.7263879),11374,RISKBEH,SLEEP,CrdPrv,Sleep <7 hours
2020,11375,BRFSS,Health Risk Behaviors,Sleeping less than 7 hours among adults aged >=18 years,%,Crude prevalence,30.6,,,30.3,30.8,68733,POINT (-73.846151 40.72093625),11375,RISKBEH,SLEEP,CrdPrv,Sleep <7 hours
2020,11377,BRFSS,Health Risk Behaviors,Sleeping less than 7 hours among adults aged >=18 years,%,Crude prevalence,35.0,,,34.8,35.3,89830,POINT (-73.9051805 40.74478939),11377,RISKBEH,SLEEP,CrdPrv,Sleep <7 hours
2020,11378,BRFSS,Health Risk Behaviors,Sleeping less than 7 hours among adults aged >=18 years,%,Crude prevalence,33.5,,,33.2,33.8,34981,POINT (-73.911771 40.72193956),11378,RISKBEH,SLEEP,CrdPrv,Sleep <7 hours
2020,11379,BRFSS,Health Risk Behaviors,Sleeping less than 7 hours among adults aged >=18 years,%,Crude prevalence,31.9,,,31.6,32.3,34821,POINT (-73.87960121 40.71674859),11379,RISKBEH,SLEEP,CrdPrv,Sleep <7 hours
2020,11385,BRFSS,Health Risk Behaviors,Sleeping less than 7 hours among adults aged >=18 years,%,Crude prevalence,33.7,,,33.4,33.9,98592,POINT (-73.8880325 40.69645433),11385,RISKBEH,SLEEP,CrdPrv,Sleep <7 hours
2020,11411,BRFSS,Health Risk Behaviors,Sleeping less than 7 hours among adults aged >=18 years,%,Crude prevalence,40.5,,,40.0,41.0,18556,POINT (-73.73621794 40.69402126),11411,RISKBEH,SLEEP,CrdPrv,Sleep <7 hours
2020,11412,BRFSS,Health Risk Behaviors,Sleeping less than 7 hours among adults aged >=18 years,%,Crude prevalence,42.4,,,42.0,42.8,34882,POINT (-73.75898644 40.6980956),11412,RISKBEH,SLEEP,CrdPrv,Sleep <7 hours
2020,11413,BRFSS,Health Risk Behaviors,Sleeping less than 7 hours among adults aged >=18 years,%,Crude prevalence,41.9,,,41.4,42.3,38912,POINT (-73.75083926 40.66981858),11413,RISKBEH,SLEEP,CrdPrv,Sleep <7 hours
2020,11414,BRFSS,Health Risk Behaviors,Sleeping less than 7 hours among adults aged >=18 years,%,Crude prevalence,32.0,,,31.3,32.7,26148,POINT (-73.84478295 40.65830374),11414,RISKBEH,SLEEP,CrdPrv,Sleep <7 hours
2020,11415,BRFSS,Health Risk Behaviors,Sleeping less than 7 hours among adults aged >=18 years,%,Crude prevalence,32.6,,,32.1,33.0,19341,POINT (-73.82821165 40.70791704),11415,RISKBEH,SLEEP,CrdPrv,Sleep <7 hours
2020,11416,BRFSS,Health Risk Behaviors,Sleeping less than 7 hours among adults aged >=18 years,%,Crude prevalence,36.7,,,36.4,37.1,24861,POINT (-73.84954794 40.684654),11416,RISKBEH,SLEEP,CrdPrv,Sleep <7 hours
2020,11417,BRFSS,Health Risk Behaviors,Sleeping less than 7 hours among adults aged >=18 years,%,Crude prevalence,36.0,,,35.7,36.3,28967,POINT (-73.84444284 40.67644599),11417,RISKBEH,SLEEP,CrdPrv,Sleep <7 hours
2020,11418,BRFSS,Health Risk Behaviors,Sleeping less than 7 hours among adults aged >=18 years,%,Crude prevalence,36.1,,,35.8,36.4,36256,POINT (-73.844475 40.69958855),11418,RISKBEH,SLEEP,CrdPrv,Sleep <7 hours
2020,11419,BRFSS,Health Risk Behaviors,Sleeping less than 7 hours among adults aged >=18 years,%,Crude prevalence,39.3,,,39.0,39.5,47211,POINT (-73.82291769 40.68867313),11419,RISKBEH,SLEEP,CrdPrv,Sleep <7 hours
2020,11420,BRFSS,Health Risk Behaviors,Sleeping less than 7 hours among adults aged >=18 years,%,Crude prevalence,39.4,,,39.2,39.7,44354,POINT (-73.8177329 40.67358452),11420,RISKBEH,SLEEP,CrdPrv,Sleep <7 hours
2020,11421,BRFSS,Health Risk Behaviors,Sleeping less than 7 hours among adults aged >=18 years,%,Crude prevalence,34.8,,,34.5,35.2,39127,POINT (-73.85862581 40.69406191),11421,RISKBEH,SLEEP,CrdPrv,Sleep <7 hours
2020,11422,BRFSS,Health Risk Behaviors,Sleeping less than 7 hours among adults aged >=18 years,%,Crude prevalence,41.6,,,41.0,42.3,30425,POINT (-73.73613134 40.66082774),11422,RISKBEH,SLEEP,CrdPrv,Sleep <7 hours
2020,11423,BRFSS,Health Risk Behaviors,Sleeping less than 7 hours among adults aged >=18 years,%,Crude prevalence,38.7,,,38.4,39.1,29987,POINT (-73.76789217 40.71492425),11423,RISKBEH,SLEEP,CrdPrv,Sleep <7 hours
2020,11426,BRFSS,Health Risk Behaviors,Sleeping less than 7 hours among adults aged >=18 years,%,Crude prevalence,33.5,,,33.0,34.1,17590,POINT (-73.7214175 40.73788581),11426,RISKBEH,SLEEP,CrdPrv,Sleep <7 hours
2020,11427,BRFSS,Health Risk Behaviors,Sleeping less than 7 hours among adults aged >=18 years,%,Crude prevalence,36.4,,,36.0,36.8,23593,POINT (-73.7361615 40.7349053),11427,RISKBEH,SLEEP,CrdPrv,Sleep <7 hours
2020,11428,BRFSS,Health Risk Behaviors,Sleeping less than 7 hours among adults aged >=18 years,%,Crude prevalence,37.8,,,37.5,38.1,19168,POINT (-73.7422441 40.72101617),11428,RISKBEH,SLEEP,CrdPrv,Sleep <7 hours
2020,11429,BRFSS,Health Risk Behaviors,Sleeping less than 7 hours among adults aged >=18 years,%,Crude prevalence,41.5,,,41.0,42.0,25105,POINT (-73.73866531 40.70977032),11429,RISKBEH,SLEEP,CrdPrv,Sleep <7 hours
2020,11430,BRFSS,Health Risk Behaviors,Sleeping less than 7 hours among adults aged >=18 years,%,Crude prevalence,42.9,,,40.9,44.5,184,POINT (-73.78671973 40.64761442),11430,RISKBEH,SLEEP,CrdPrv,Sleep <7 hours
2020,11432,BRFSS,Health Risk Behaviors,Sleeping less than 7 hours among adults aged >=18 years,%,Crude prevalence,36.6,,,36.3,36.9,60809,POINT (-73.79307063 40.71535923),11432,RISKBEH,SLEEP,CrdPrv,Sleep <7 hours
2020,11433,BRFSS,Health Risk Behaviors,Sleeping less than 7 hours among adults aged >=18 years,%,Crude prevalence,43.0,,,42.5,43.4,32687,POINT (-73.78689275 40.69816169),11433,RISKBEH,SLEEP,CrdPrv,Sleep <7 hours
2020,11434,BRFSS,Health Risk Behaviors,Sleeping less than 7 hours among adults aged >=18 years,%,Crude prevalence,42.7,,,42.1,43.1,59129,POINT (-73.77621689 40.67683061),11434,RISKBEH,SLEEP,CrdPrv,Sleep <7 hours
2020,11435,BRFSS,Health Risk Behaviors,Sleeping less than 7 hours among adults aged >=18 years,%,Crude prevalence,37.7,,,37.4,38.0,53687,POINT (-73.80960618 40.70126575),11435,RISKBEH,SLEEP,CrdPrv,Sleep <7 hours
2020,11436,BRFSS,Health Risk Behaviors,Sleeping less than 7 hours among adults aged >=18 years,%,Crude prevalence,42.7,,,42.2,43.1,17949,POINT (-73.79661758 40.67582),11436,RISKBEH,SLEEP,CrdPrv,Sleep <7 hours
2020,11501,BRFSS,Health Risk Behaviors,Sleeping less than 7 hours among adults aged >=18 years,%,Crude prevalence,32.8,,,32.0,33.6,19148,POINT (-73.63890958 40.7462835),11501,RISKBEH,SLEEP,CrdPrv,Sleep <7 hours
2020,11507,BRFSS,Health Risk Behaviors,Sleeping less than 7 hours among adults aged >=18 years,%,Crude prevalence,31.4,,,30.5,32.3,7406,POINT (-73.651667 40.7696618),11507,RISKBEH,SLEEP,CrdPrv,Sleep <7 hours
2020,11509,BRFSS,Health Risk Behaviors,Sleeping less than 7 hours among adults aged >=18 years,%,Crude prevalence,29.9,,,28.6,31.2,2653,POINT (-73.72974062 40.58799244),11509,RISKBEH,SLEEP,CrdPrv,Sleep <7 hours
2020,11510,BRFSS,Health Risk Behaviors,Sleeping less than 7 hours among adults aged >=18 years,%,Crude prevalence,35.6,,,35.1,36.1,33048,POINT (-73.60946523 40.65348782),11510,RISKBEH,SLEEP,CrdPrv,Sleep <7 hours
2020,11514,BRFSS,Health Risk Behaviors,Sleeping less than 7 hours among adults aged >=18 years,%,Crude prevalence,34.4,,,32.9,35.9,4673,POINT (-73.6124756 40.74989138),11514,RISKBEH,SLEEP,CrdPrv,Sleep <7 hours
2020,11516,BRFSS,Health Risk Behaviors,Sleeping less than 7 hours among adults aged >=18 years,%,Crude prevalence,31.3,,,30.0,32.7,7556,POINT (-73.72668564 40.6257871),11516,RISKBEH,SLEEP,CrdPrv,Sleep <7 hours
2020,11518,BRFSS,Health Risk Behaviors,Sleeping less than 7 hours among adults aged >=18 years,%,Crude prevalence,32.4,,,31.4,33.5,10549,POINT (-73.66674649 40.63842134),11518,RISKBEH,SLEEP,CrdPrv,Sleep <7 hours
2020,11520,BRFSS,Health Risk Behaviors,Sleeping less than 7 hours among adults aged >=18 years,%,Crude prevalence,37.9,,,37.5,38.3,43341,POINT (-73.5836584 40.6510619),11520,RISKBEH,SLEEP,CrdPrv,Sleep <7 hours
2020,11530,BRFSS,Health Risk Behaviors,Sleeping less than 7 hours among adults aged >=18 years,%,Crude prevalence,29.5,,,28.8,30.3,27273,POINT (-73.635106 40.72433129),11530,RISKBEH,SLEEP,CrdPrv,Sleep <7 hours
2020,11542,BRFSS,Health Risk Behaviors,Sleeping less than 7 hours among adults aged >=18 years,%,Crude prevalence,34.0,,,33.5,34.6,27633,POINT (-73.62862007 40.8709269),11542,RISKBEH,SLEEP,CrdPrv,Sleep <7 hours
2020,11545,BRFSS,Health Risk Behaviors,Sleeping less than 7 hours among adults aged >=18 years,%,Crude prevalence,30.7,,,29.9,31.5,12065,POINT (-73.562985 40.81383816),11545,RISKBEH,SLEEP,CrdPrv,Sleep <7 hours
2020,11547,BRFSS,Health Risk Behaviors,Sleeping less than 7 hours among adults aged >=18 years,%,Crude prevalence,31.1,,,29.7,32.5,793,POINT (-73.64643444 40.82896869),11547,RISKBEH,SLEEP,CrdPrv,Sleep <7 hours
2020,11548,BRFSS,Health Risk Behaviors,Sleeping less than 7 hours among adults aged >=18 years,%,Crude prevalence,31.7,,,30.0,32.9,2780,POINT (-73.592272 40.81881615),11548,RISKBEH,SLEEP,CrdPrv,Sleep <7 hours
2020,11549,BRFSS,Health Risk Behaviors,Sleeping less than 7 hours among adults aged >=18 years,%,Crude prevalence,29.9,,,25.7,33.4,2922,POINT (-73.60274559 40.71723979),11549,RISKBEH,SLEEP,CrdPrv,Sleep <7 hours
2020,11550,BRFSS,Health Risk Behaviors,Sleeping less than 7 hours among adults aged >=18 years,%,Crude prevalence,41.3,,,40.9,41.7,56435,POINT (-73.6200978 40.70171304),11550,RISKBEH,SLEEP,CrdPrv,Sleep <7 hours
2020,11552,BRFSS,Health Risk Behaviors,Sleeping less than 7 hours among adults aged >=18 years,%,Crude prevalence,35.1,,,34.5,35.7,23616,POINT (-73.65130897 40.69225206),11552,RISKBEH,SLEEP,CrdPrv,Sleep <7 hours
2020,11553,BRFSS,Health Risk Behaviors,Sleeping less than 7 hours among adults aged >=18 years,%,Crude prevalence,40.1,,,39.6,40.6,26034,POINT (-73.59190512 40.70695528),11553,RISKBEH,SLEEP,CrdPrv,Sleep <7 hours
2020,11554,BRFSS,Health Risk Behaviors,Sleeping less than 7 hours among adults aged >=18 years,%,Crude prevalence,33.3,,,32.7,33.9,38132,POINT (-73.56020974 40.71958419),11554,RISKBEH,SLEEP,CrdPrv,Sleep <7 hours
2020,11557,BRFSS,Health Risk Behaviors,Sleeping less than 7 hours among adults aged >=18 years,%,Crude prevalence,31.2,,,30.0,32.3,7823,POINT (-73.68365475 40.6356441),11557,RISKBEH,SLEEP,CrdPrv,Sleep <7 hours
2020,11558,BRFSS,Health Risk Behaviors,Sleeping less than 7 hours among adults aged >=18 years,%,Crude prevalence,33.7,,,32.7,34.5,8370,POINT (-73.65323296 40.60529263),11558,RISKBEH,SLEEP,CrdPrv,Sleep <7 hours
2020,11559,BRFSS,Health Risk Behaviors,Sleeping less than 7 hours among adults aged >=18 years,%,Crude prevalence,30.8,,,29.5,32.2,8176,POINT (-73.72000481 40.60763916),11559,RISKBEH,SLEEP,CrdPrv,Sleep <7 hours
2020,11560,BRFSS,Health Risk Behaviors,Sleeping less than 7 hours among adults aged >=18 years,%,Crude prevalence,31.1,,,30.1,32.1,6464,POINT (-73.59020461 40.88041241),11560,RISKBEH,SLEEP,CrdPrv,Sleep <7 hours
2020,11561,BRFSS,Health Risk Behaviors,Sleeping less than 7 hours among adults aged >=18 years,%,Crude prevalence,32.5,,,32.0,33.0,37280,POINT (-73.64565614 40.58901513),11561,RISKBEH,SLEEP,CrdPrv,Sleep <7 hours
2020,11563,BRFSS,Health Risk Behaviors,Sleeping less than 7 hours among adults aged >=18 years,%,Crude prevalence,32.2,,,31.5,32.8,22666,POINT (-73.67372797 40.65725331),11563,RISKBEH,SLEEP,CrdPrv,Sleep <7 hours
2020,11565,BRFSS,Health Risk Behaviors,Sleeping less than 7 hours among adults aged >=18 years,%,Crude prevalence,31.5,,,30.3,32.7,8690,POINT (-73.672098 40.67653841),11565,RISKBEH,SLEEP,CrdPrv,Sleep <7 hours
2020,11566,BRFSS,Health Risk Behaviors,Sleeping less than 7 hours among adults aged >=18 years,%,Crude prevalence,31.1,,,30.5,31.7,35321,POINT (-73.55601512 40.66714522),11566,RISKBEH,SLEEP,CrdPrv,Sleep <7 hours
2020,11568,BRFSS,Health Risk Behaviors,Sleeping less than 7 hours among adults aged >=18 years,%,Crude prevalence,31.8,,,30.7,32.8,4555,POINT (-73.59650303 40.78696522),11568,RISKBEH,SLEEP,CrdPrv,Sleep <7 hours
2020,11569,BRFSS,Health Risk Behaviors,Sleeping less than 7 hours among adults aged >=18 years,%,Crude prevalence,29.1,,,27.6,30.6,1398,POINT (-73.58217902 40.59002247),11569,RISKBEH,SLEEP,CrdPrv,Sleep <7 hours
2020,11570,BRFSS,Health Risk Behaviors,Sleeping less than 7 hours among adults aged >=18 years,%,Crude prevalence,31.4,,,30.8,32.0,26646,POINT (-73.63858847 40.66569661),11570,RISKBEH,SLEEP,CrdPrv,Sleep <7 hours
2020,11572,BRFSS,Health Risk Behaviors,Sleeping less than 7 hours among adults aged >=18 years,%,Crude prevalence,31.9,,,31.2,32.5,30574,POINT (-73.63717095 40.63325448),11572,RISKBEH,SLEEP,CrdPrv,Sleep <7 hours
2020,11575,BRFSS,Health Risk Behaviors,Sleeping less than 7 hours among adults aged >=18 years,%,Crude prevalence,42.4,,,41.5,43.1,16272,POINT (-73.58595 40.6819911),11575,RISKBEH,SLEEP,CrdPrv,Sleep <7 hours
2020,11576,BRFSS,Health Risk Behaviors,Sleeping less than 7 hours among adults aged >=18 years,%,Crude prevalence,29.9,,,29.3,30.5,12366,POINT (-73.64165177 40.80522323),11576,RISKBEH,SLEEP,CrdPrv,Sleep <7 hours
2020,11577,BRFSS,Health Risk Behaviors,Sleeping less than 7 hours among adults aged >=18 years,%,Crude prevalence,30.9,,,30.3,31.5,12337,POINT (-73.63886598 40.78326634),11577,RISKBEH,SLEEP,CrdPrv,Sleep <7 hours
2020,11579,BRFSS,Health Risk Behaviors,Sleeping less than 7 hours among adults aged >=18 years,%,Crude prevalence,30.8,,,29.2,32.5,5055,POINT (-73.64393251 40.84401955),11579,RISKBEH,SLEEP,CrdPrv,Sleep <7 hours
2020,11580,BRFSS,Health Risk Behaviors,Sleeping less than 7 hours among adults aged >=18 years,%,Crude prevalence,35.8,,,35.4,36.2,40113,POINT (-73.70361712 40.67499268),11580,RISKBEH,SLEEP,CrdPrv,Sleep <7 hours
2020,11581,BRFSS,Health Risk Behaviors,Sleeping less than 7 hours among adults aged >=18 years,%,Crude prevalence,33.4,,,32.8,34.0,20844,POINT (-73.71494 40.65564894),11581,RISKBEH,SLEEP,CrdPrv,Sleep <7 hours
2020,11590,BRFSS,Health Risk Behaviors,Sleeping less than 7 hours among adults aged >=18 years,%,Crude prevalence,35.7,,,35.4,36.1,45768,POINT (-73.5821175 40.75899448),11590,RISKBEH,SLEEP,CrdPrv,Sleep <7 hours
2020,11596,BRFSS,Health Risk Behaviors,Sleeping less than 7 hours among adults aged >=18 years,%,Crude prevalence,31.4,,,30.7,32.2,10480,POINT (-73.64230743 40.75966726),11596,RISKBEH,SLEEP,CrdPrv,Sleep <7 hours
2020,11598,BRFSS,Health Risk Behaviors,Sleeping less than 7 hours among adults aged >=18 years,%,Crude prevalence,30.3,,,29.3,31.3,13328,POINT (-73.72201626 40.63537039),11598,RISKBEH,SLEEP,CrdPrv,Sleep <7 hours
2020,11691,BRFSS,Health Risk Behaviors,Sleeping less than 7 hours among adults aged >=18 years,%,Crude prevalence,39.2,,,38.8,39.6,60035,POINT (-73.7612704 40.60133003),11691,RISKBEH,SLEEP,CrdPrv,Sleep <7 hours
2020,11692,BRFSS,Health Risk Behaviors,Sleeping less than 7 hours among adults aged >=18 years,%,Crude prevalence,41.6,,,41.0,42.2,18540,POINT (-73.79649225 40.59301128),11692,RISKBEH,SLEEP,CrdPrv,Sleep <7 hours
2020,11693,BRFSS,Health Risk Behaviors,Sleeping less than 7 hours among adults aged >=18 years,%,Crude prevalence,36.4,,,35.6,37.0,11916,POINT (-73.81077384 40.58817327),11693,RISKBEH,SLEEP,CrdPrv,Sleep <7 hours
2020,11694,BRFSS,Health Risk Behaviors,Sleeping less than 7 hours among adults aged >=18 years,%,Crude prevalence,32.0,,,31.3,32.6,20408,POINT (-73.84439938 40.57765105),11694,RISKBEH,SLEEP,CrdPrv,Sleep <7 hours
2020,11697,BRFSS,Health Risk Behaviors,Sleeping less than 7 hours among adults aged >=18 years,%,Crude prevalence,28.6,,,26.9,30.3,4079,POINT (-73.91892975 40.55780716),11697,RISKBEH,SLEEP,CrdPrv,Sleep <7 hours
